Name,Behavior,Storage,FileSpec,FileSpecSustain,FileSpecRelease,Template,Loadspec,Secondary,SustainAlias,ReleaseAlias,Bus,VolumeGroup,DuckGroup,Duck,ReverbSend,CenterSend,VolMin,VolMax,DistMin,DistMaxDry,DistMaxWet,DryMinCurve,DryMaxCurve,WetMinCurve,WetMaxCurve,LimitCount,LimitType,EntityLimitCount,EntityLimitType,PitchMin,PitchMax,PriorityMin,PriorityMax,PriorityThresholdMin,PriorityThresholdMax,AmplitudePriority,PanType,Pan,Futz,Looping,RandomizeType,Probability,StartDelay,EnvelopMin,EnvelopMax,EnvelopPercent,OcclusionLevel,IsBig,DistanceLpf,FluxType,FluxTime,Subtitle,Doppler,ContextType,ContextValue,ContextType1,ContextValue1,ContextType2,ContextValue2,ContextType3,ContextValue3,Timescale,IsMusic,IsCinematic,FadeIn,FadeOut,Pauseable,StopOnEntDeath,Compression,StopOnPlay,DopplerScale,FutzPatch,VoiceLimit,IgnoreMaxDist,NeverPlayTwice,ContinuousPan,FileSource,FileSourceSustain,FileSourceRelease,FileTarget,FileTargetSustain,FileTargetRelease,Platform,Language,OutputDevices,PlatformMask,WiiUMono,StopAlias,DistanceLpfMin,DistanceLpfMax,FacialAnimationName,RestartContextLoops,SilentInCPZ,ContextFailsafe,GPAD,GPADOnly,MuteVoice,MuteMusic,RowSourceFileName,RowSourceShortName,RowSourceLineNumber
wpn_t9_krig6_shot_plr,,,skye_ports\t9_krig6\fire\wpn_t9_krig6_shot1.wav,,,wpn_t9_shot_plr,,wpn_t9_krig6_trig_pull_plr,,,,,,,,,,,,,,,,,,,,,,,,,,,,,,,,,,,,,,,,,,,,,,,,,,,,,,,,,,,,,,,,,,,,,,,,,,,,,,,,,,,,,,,,,,,,,
wpn_t9_krig6_shot_plr,,,skye_ports\t9_krig6\fire\wpn_t9_krig6_shot2.wav,,,wpn_t9_shot_plr,,wpn_t9_krig6_trig_pull_plr,,,,,,,,,,,,,,,,,,,,,,,,,,,,,,,,,,,,,,,,,,,,,,,,,,,,,,,,,,,,,,,,,,,,,,,,,,,,,,,,,,,,,,,,,,,,,
wpn_t9_krig6_shot_plr,,,skye_ports\t9_krig6\fire\wpn_t9_krig6_shot3.wav,,,wpn_t9_shot_plr,,wpn_t9_krig6_trig_pull_plr,,,,,,,,,,,,,,,,,,,,,,,,,,,,,,,,,,,,,,,,,,,,,,,,,,,,,,,,,,,,,,,,,,,,,,,,,,,,,,,,,,,,,,,,,,,,,
wpn_t9_krig6_shot_plr,,,skye_ports\t9_krig6\fire\wpn_t9_krig6_shot4.wav,,,wpn_t9_shot_plr,,wpn_t9_krig6_trig_pull_plr,,,,,,,,,,,,,,,,,,,,,,,,,,,,,,,,,,,,,,,,,,,,,,,,,,,,,,,,,,,,,,,,,,,,,,,,,,,,,,,,,,,,,,,,,,,,,
wpn_t9_krig6_shot_plr,,,skye_ports\t9_krig6\fire\wpn_t9_krig6_shot5.wav,,,wpn_t9_shot_plr,,wpn_t9_krig6_trig_pull_plr,,,,,,,,,,,,,,,,,,,,,,,,,,,,,,,,,,,,,,,,,,,,,,,,,,,,,,,,,,,,,,,,,,,,,,,,,,,,,,,,,,,,,,,,,,,,,
wpn_t9_krig6_shot_plr,,,skye_ports\t9_krig6\fire\wpn_t9_krig6_shot6.wav,,,wpn_t9_shot_plr,,wpn_t9_krig6_trig_pull_plr,,,,,,,,,,,,,,,,,,,,,,,,,,,,,,,,,,,,,,,,,,,,,,,,,,,,,,,,,,,,,,,,,,,,,,,,,,,,,,,,,,,,,,,,,,,,,
wpn_t9_krig6_shot_npc,,,skye_ports\t9_krig6\fire\wpn_t9_krig6_shot1.wav,,,wpn_t9_shot_npc,,wpn_t9_krig6_trig_pull_npc,,,,,,,,,,,,,,,,,,,,,,,,,,,,,,,,,,,,,,,,,,,,,,,,,,,,,,,,,,,,,,,,,,,,,,,,,,,,,,,,,,,,,,,,,,,,,
wpn_t9_krig6_shot_npc,,,skye_ports\t9_krig6\fire\wpn_t9_krig6_shot2.wav,,,wpn_t9_shot_npc,,wpn_t9_krig6_trig_pull_npc,,,,,,,,,,,,,,,,,,,,,,,,,,,,,,,,,,,,,,,,,,,,,,,,,,,,,,,,,,,,,,,,,,,,,,,,,,,,,,,,,,,,,,,,,,,,,
wpn_t9_krig6_shot_npc,,,skye_ports\t9_krig6\fire\wpn_t9_krig6_shot3.wav,,,wpn_t9_shot_npc,,wpn_t9_krig6_trig_pull_npc,,,,,,,,,,,,,,,,,,,,,,,,,,,,,,,,,,,,,,,,,,,,,,,,,,,,,,,,,,,,,,,,,,,,,,,,,,,,,,,,,,,,,,,,,,,,,
wpn_t9_krig6_shot_npc,,,skye_ports\t9_krig6\fire\wpn_t9_krig6_shot4.wav,,,wpn_t9_shot_npc,,wpn_t9_krig6_trig_pull_npc,,,,,,,,,,,,,,,,,,,,,,,,,,,,,,,,,,,,,,,,,,,,,,,,,,,,,,,,,,,,,,,,,,,,,,,,,,,,,,,,,,,,,,,,,,,,,
wpn_t9_krig6_shot_npc,,,skye_ports\t9_krig6\fire\wpn_t9_krig6_shot5.wav,,,wpn_t9_shot_npc,,wpn_t9_krig6_trig_pull_npc,,,,,,,,,,,,,,,,,,,,,,,,,,,,,,,,,,,,,,,,,,,,,,,,,,,,,,,,,,,,,,,,,,,,,,,,,,,,,,,,,,,,,,,,,,,,,
wpn_t9_krig6_shot_npc,,,skye_ports\t9_krig6\fire\wpn_t9_krig6_shot6.wav,,,wpn_t9_shot_npc,,wpn_t9_krig6_trig_pull_npc,,,,,,,,,,,,,,,,,,,,,,,,,,,,,,,,,,,,,,,,,,,,,,,,,,,,,,,,,,,,,,,,,,,,,,,,,,,,,,,,,,,,,,,,,,,,,
wpn_t9_krig6_pap_shot_plr,,,skye_ports\t9_krig6\fire\wpn_t9_krig6_shot1.wav,,,wpn_t9_shot_plr,,wpn_t9_krig6_pap_flux_plr,,,,,,,,,,,,,,,,,,,,,,,,,,,,,,,,,,,,,,,,,,,,,,,,,,,,,,,,,,,,,,,,,,,,,,,,,,,,,,,,,,,,,,,,,,,,,
wpn_t9_krig6_pap_shot_plr,,,skye_ports\t9_krig6\fire\wpn_t9_krig6_shot2.wav,,,wpn_t9_shot_plr,,wpn_t9_krig6_pap_flux_plr,,,,,,,,,,,,,,,,,,,,,,,,,,,,,,,,,,,,,,,,,,,,,,,,,,,,,,,,,,,,,,,,,,,,,,,,,,,,,,,,,,,,,,,,,,,,,
wpn_t9_krig6_pap_shot_plr,,,skye_ports\t9_krig6\fire\wpn_t9_krig6_shot3.wav,,,wpn_t9_shot_plr,,wpn_t9_krig6_pap_flux_plr,,,,,,,,,,,,,,,,,,,,,,,,,,,,,,,,,,,,,,,,,,,,,,,,,,,,,,,,,,,,,,,,,,,,,,,,,,,,,,,,,,,,,,,,,,,,,
wpn_t9_krig6_pap_shot_plr,,,skye_ports\t9_krig6\fire\wpn_t9_krig6_shot4.wav,,,wpn_t9_shot_plr,,wpn_t9_krig6_pap_flux_plr,,,,,,,,,,,,,,,,,,,,,,,,,,,,,,,,,,,,,,,,,,,,,,,,,,,,,,,,,,,,,,,,,,,,,,,,,,,,,,,,,,,,,,,,,,,,,
wpn_t9_krig6_pap_shot_plr,,,skye_ports\t9_krig6\fire\wpn_t9_krig6_shot5.wav,,,wpn_t9_shot_plr,,wpn_t9_krig6_pap_flux_plr,,,,,,,,,,,,,,,,,,,,,,,,,,,,,,,,,,,,,,,,,,,,,,,,,,,,,,,,,,,,,,,,,,,,,,,,,,,,,,,,,,,,,,,,,,,,,
wpn_t9_krig6_pap_shot_plr,,,skye_ports\t9_krig6\fire\wpn_t9_krig6_shot6.wav,,,wpn_t9_shot_plr,,wpn_t9_krig6_pap_flux_plr,,,,,,,,,,,,,,,,,,,,,,,,,,,,,,,,,,,,,,,,,,,,,,,,,,,,,,,,,,,,,,,,,,,,,,,,,,,,,,,,,,,,,,,,,,,,,
wpn_t9_krig6_pap_shot_npc,,,skye_ports\t9_krig6\fire\wpn_t9_krig6_shot1.wav,,,wpn_t9_shot_npc,,wpn_t9_krig6_pap_flux_npc,,,,,,,,,,,,,,,,,,,,,,,,,,,,,,,,,,,,,,,,,,,,,,,,,,,,,,,,,,,,,,,,,,,,,,,,,,,,,,,,,,,,,,,,,,,,,
wpn_t9_krig6_pap_shot_npc,,,skye_ports\t9_krig6\fire\wpn_t9_krig6_shot2.wav,,,wpn_t9_shot_npc,,wpn_t9_krig6_pap_flux_npc,,,,,,,,,,,,,,,,,,,,,,,,,,,,,,,,,,,,,,,,,,,,,,,,,,,,,,,,,,,,,,,,,,,,,,,,,,,,,,,,,,,,,,,,,,,,,
wpn_t9_krig6_pap_shot_npc,,,skye_ports\t9_krig6\fire\wpn_t9_krig6_shot3.wav,,,wpn_t9_shot_npc,,wpn_t9_krig6_pap_flux_npc,,,,,,,,,,,,,,,,,,,,,,,,,,,,,,,,,,,,,,,,,,,,,,,,,,,,,,,,,,,,,,,,,,,,,,,,,,,,,,,,,,,,,,,,,,,,,
wpn_t9_krig6_pap_shot_npc,,,skye_ports\t9_krig6\fire\wpn_t9_krig6_shot4.wav,,,wpn_t9_shot_npc,,wpn_t9_krig6_pap_flux_npc,,,,,,,,,,,,,,,,,,,,,,,,,,,,,,,,,,,,,,,,,,,,,,,,,,,,,,,,,,,,,,,,,,,,,,,,,,,,,,,,,,,,,,,,,,,,,
wpn_t9_krig6_pap_shot_npc,,,skye_ports\t9_krig6\fire\wpn_t9_krig6_shot5.wav,,,wpn_t9_shot_npc,,wpn_t9_krig6_pap_flux_npc,,,,,,,,,,,,,,,,,,,,,,,,,,,,,,,,,,,,,,,,,,,,,,,,,,,,,,,,,,,,,,,,,,,,,,,,,,,,,,,,,,,,,,,,,,,,,
wpn_t9_krig6_pap_shot_npc,,,skye_ports\t9_krig6\fire\wpn_t9_krig6_shot6.wav,,,wpn_t9_shot_npc,,wpn_t9_krig6_pap_flux_npc,,,,,,,,,,,,,,,,,,,,,,,,,,,,,,,,,,,,,,,,,,,,,,,,,,,,,,,,,,,,,,,,,,,,,,,,,,,,,,,,,,,,,,,,,,,,,
wpn_t9_krig6_trig_pull_plr,,,skye_ports\t9_krig6\fire\wpn_t9_krig6_trig_pull1.wav,,,wpn_t9_shot_plr,,wpn_t9_krig6_mech_plr,,,,,,,,,,,,,,,,,,,,,,,,,,,,,,,,,,,,,,,,,,,,,,,,,,,,,,,,,,,,,,,,,,,,,,,,,,,,,,,,,,,,,,,,,,,,,
wpn_t9_krig6_trig_pull_plr,,,skye_ports\t9_krig6\fire\wpn_t9_krig6_trig_pull2.wav,,,wpn_t9_shot_plr,,wpn_t9_krig6_mech_plr,,,,,,,,,,,,,,,,,,,,,,,,,,,,,,,,,,,,,,,,,,,,,,,,,,,,,,,,,,,,,,,,,,,,,,,,,,,,,,,,,,,,,,,,,,,,,
wpn_t9_krig6_trig_pull_plr,,,skye_ports\t9_krig6\fire\wpn_t9_krig6_trig_pull3.wav,,,wpn_t9_shot_plr,,wpn_t9_krig6_mech_plr,,,,,,,,,,,,,,,,,,,,,,,,,,,,,,,,,,,,,,,,,,,,,,,,,,,,,,,,,,,,,,,,,,,,,,,,,,,,,,,,,,,,,,,,,,,,,
wpn_t9_krig6_trig_pull_plr,,,skye_ports\t9_krig6\fire\wpn_t9_krig6_trig_pull4.wav,,,wpn_t9_shot_plr,,wpn_t9_krig6_mech_plr,,,,,,,,,,,,,,,,,,,,,,,,,,,,,,,,,,,,,,,,,,,,,,,,,,,,,,,,,,,,,,,,,,,,,,,,,,,,,,,,,,,,,,,,,,,,,
wpn_t9_krig6_trig_pull_plr,,,skye_ports\t9_krig6\fire\wpn_t9_krig6_trig_pull5.wav,,,wpn_t9_shot_plr,,wpn_t9_krig6_mech_plr,,,,,,,,,,,,,,,,,,,,,,,,,,,,,,,,,,,,,,,,,,,,,,,,,,,,,,,,,,,,,,,,,,,,,,,,,,,,,,,,,,,,,,,,,,,,,
wpn_t9_krig6_trig_pull_plr,,,skye_ports\t9_krig6\fire\wpn_t9_krig6_trig_pull6.wav,,,wpn_t9_shot_plr,,wpn_t9_krig6_mech_plr,,,,,,,,,,,,,,,,,,,,,,,,,,,,,,,,,,,,,,,,,,,,,,,,,,,,,,,,,,,,,,,,,,,,,,,,,,,,,,,,,,,,,,,,,,,,,
wpn_t9_krig6_trig_pull_npc,,,skye_ports\t9_krig6\fire\wpn_t9_krig6_trig_pull1.wav,,,wpn_t9_shot_npc,,wpn_t9_krig6_mech_npc,,,,,,,,,,,,,,,,,,,,,,,,,,,,,,,,,,,,,,,,,,,,,,,,,,,,,,,,,,,,,,,,,,,,,,,,,,,,,,,,,,,,,,,,,,,,,
wpn_t9_krig6_trig_pull_npc,,,skye_ports\t9_krig6\fire\wpn_t9_krig6_trig_pull2.wav,,,wpn_t9_shot_npc,,wpn_t9_krig6_mech_npc,,,,,,,,,,,,,,,,,,,,,,,,,,,,,,,,,,,,,,,,,,,,,,,,,,,,,,,,,,,,,,,,,,,,,,,,,,,,,,,,,,,,,,,,,,,,,
wpn_t9_krig6_trig_pull_npc,,,skye_ports\t9_krig6\fire\wpn_t9_krig6_trig_pull3.wav,,,wpn_t9_shot_npc,,wpn_t9_krig6_mech_npc,,,,,,,,,,,,,,,,,,,,,,,,,,,,,,,,,,,,,,,,,,,,,,,,,,,,,,,,,,,,,,,,,,,,,,,,,,,,,,,,,,,,,,,,,,,,,
wpn_t9_krig6_trig_pull_npc,,,skye_ports\t9_krig6\fire\wpn_t9_krig6_trig_pull4.wav,,,wpn_t9_shot_npc,,wpn_t9_krig6_mech_npc,,,,,,,,,,,,,,,,,,,,,,,,,,,,,,,,,,,,,,,,,,,,,,,,,,,,,,,,,,,,,,,,,,,,,,,,,,,,,,,,,,,,,,,,,,,,,
wpn_t9_krig6_trig_pull_npc,,,skye_ports\t9_krig6\fire\wpn_t9_krig6_trig_pull5.wav,,,wpn_t9_shot_npc,,wpn_t9_krig6_mech_npc,,,,,,,,,,,,,,,,,,,,,,,,,,,,,,,,,,,,,,,,,,,,,,,,,,,,,,,,,,,,,,,,,,,,,,,,,,,,,,,,,,,,,,,,,,,,,
wpn_t9_krig6_trig_pull_npc,,,skye_ports\t9_krig6\fire\wpn_t9_krig6_trig_pull6.wav,,,wpn_t9_shot_npc,,wpn_t9_krig6_mech_npc,,,,,,,,,,,,,,,,,,,,,,,,,,,,,,,,,,,,,,,,,,,,,,,,,,,,,,,,,,,,,,,,,,,,,,,,,,,,,,,,,,,,,,,,,,,,,
wpn_t9_krig6_mech_plr,,,skye_ports\t9_krig6\fire\wpn_t9_krig6_mech1.wav,,,wpn_t9_shot_plr,,wpn_t9_krig6_sub_plr,,,,,,,,,,,,,,,,,,,,,,,,,,,,,,,,,,,,,,,,,,,,,,,,,,,,,,,,,,,,,,,,,,,,,,,,,,,,,,,,,,,,,,,,,,,,,
wpn_t9_krig6_mech_plr,,,skye_ports\t9_krig6\fire\wpn_t9_krig6_mech2.wav,,,wpn_t9_shot_plr,,wpn_t9_krig6_sub_plr,,,,,,,,,,,,,,,,,,,,,,,,,,,,,,,,,,,,,,,,,,,,,,,,,,,,,,,,,,,,,,,,,,,,,,,,,,,,,,,,,,,,,,,,,,,,,
wpn_t9_krig6_mech_plr,,,skye_ports\t9_krig6\fire\wpn_t9_krig6_mech3.wav,,,wpn_t9_shot_plr,,wpn_t9_krig6_sub_plr,,,,,,,,,,,,,,,,,,,,,,,,,,,,,,,,,,,,,,,,,,,,,,,,,,,,,,,,,,,,,,,,,,,,,,,,,,,,,,,,,,,,,,,,,,,,,
wpn_t9_krig6_mech_plr,,,skye_ports\t9_krig6\fire\wpn_t9_krig6_mech4.wav,,,wpn_t9_shot_plr,,wpn_t9_krig6_sub_plr,,,,,,,,,,,,,,,,,,,,,,,,,,,,,,,,,,,,,,,,,,,,,,,,,,,,,,,,,,,,,,,,,,,,,,,,,,,,,,,,,,,,,,,,,,,,,
wpn_t9_krig6_mech_plr,,,skye_ports\t9_krig6\fire\wpn_t9_krig6_mech5.wav,,,wpn_t9_shot_plr,,wpn_t9_krig6_sub_plr,,,,,,,,,,,,,,,,,,,,,,,,,,,,,,,,,,,,,,,,,,,,,,,,,,,,,,,,,,,,,,,,,,,,,,,,,,,,,,,,,,,,,,,,,,,,,
wpn_t9_krig6_mech_plr,,,skye_ports\t9_krig6\fire\wpn_t9_krig6_mech6.wav,,,wpn_t9_shot_plr,,wpn_t9_krig6_sub_plr,,,,,,,,,,,,,,,,,,,,,,,,,,,,,,,,,,,,,,,,,,,,,,,,,,,,,,,,,,,,,,,,,,,,,,,,,,,,,,,,,,,,,,,,,,,,,
wpn_t9_krig6_mech_npc,,,skye_ports\t9_krig6\fire\wpn_t9_krig6_mech1.wav,,,wpn_t9_shot_npc,,wpn_t9_krig6_sub_npc,,,,,,,,,,,,,,,,,,,,,,,,,,,,,,,,,,,,,,,,,,,,,,,,,,,,,,,,,,,,,,,,,,,,,,,,,,,,,,,,,,,,,,,,,,,,,
wpn_t9_krig6_mech_npc,,,skye_ports\t9_krig6\fire\wpn_t9_krig6_mech2.wav,,,wpn_t9_shot_npc,,wpn_t9_krig6_sub_npc,,,,,,,,,,,,,,,,,,,,,,,,,,,,,,,,,,,,,,,,,,,,,,,,,,,,,,,,,,,,,,,,,,,,,,,,,,,,,,,,,,,,,,,,,,,,,
wpn_t9_krig6_mech_npc,,,skye_ports\t9_krig6\fire\wpn_t9_krig6_mech3.wav,,,wpn_t9_shot_npc,,wpn_t9_krig6_sub_npc,,,,,,,,,,,,,,,,,,,,,,,,,,,,,,,,,,,,,,,,,,,,,,,,,,,,,,,,,,,,,,,,,,,,,,,,,,,,,,,,,,,,,,,,,,,,,
wpn_t9_krig6_mech_npc,,,skye_ports\t9_krig6\fire\wpn_t9_krig6_mech4.wav,,,wpn_t9_shot_npc,,wpn_t9_krig6_sub_npc,,,,,,,,,,,,,,,,,,,,,,,,,,,,,,,,,,,,,,,,,,,,,,,,,,,,,,,,,,,,,,,,,,,,,,,,,,,,,,,,,,,,,,,,,,,,,
wpn_t9_krig6_mech_npc,,,skye_ports\t9_krig6\fire\wpn_t9_krig6_mech5.wav,,,wpn_t9_shot_npc,,wpn_t9_krig6_sub_npc,,,,,,,,,,,,,,,,,,,,,,,,,,,,,,,,,,,,,,,,,,,,,,,,,,,,,,,,,,,,,,,,,,,,,,,,,,,,,,,,,,,,,,,,,,,,,
wpn_t9_krig6_mech_npc,,,skye_ports\t9_krig6\fire\wpn_t9_krig6_mech6.wav,,,wpn_t9_shot_npc,,wpn_t9_krig6_sub_npc,,,,,,,,,,,,,,,,,,,,,,,,,,,,,,,,,,,,,,,,,,,,,,,,,,,,,,,,,,,,,,,,,,,,,,,,,,,,,,,,,,,,,,,,,,,,,
wpn_t9_krig6_sub_plr,,,skye_ports\t9_krig6\fire\wpn_t9_krig6_sub.wav,,,wpn_t9_shot_plr,,wpn_t9_krig6_tail_plr,,,,,,,,,,,,,,,,,,,,,,,,,,,,,,,,,,,,,,,,,,,,,,,,,,,,,,,,,,,,,,,,,,,,,,,,,,,,,,,,,,,,,,,,,,,,,
wpn_t9_krig6_sub_npc,,,skye_ports\t9_krig6\fire\wpn_t9_krig6_sub.wav,,,wpn_t9_shot_npc,,wpn_t9_krig6_tail_npc,,,,,,,,,,,,,,,,,,,,,,,,,,,,,,,,,,,,,,,,,,,,,,,,,,,,,,,,,,,,,,,,,,,,,,,,,,,,,,,,,,,,,,,,,,,,,
wpn_t9_krig6_tail_plr,,,skye_ports\t9_common\reverb\exterior\ar\wpn_t9_reverb_ar1_ext1.wav,,,wpn_t9_reverb_ext_plr,,,,,,,,,,,,,,,,,,,,,,,,,,,,,,,,,,,,,,,,,,,,,,,,,,,,,,,,,,,,,,,,,,,,,,,,,,,,,,,,,,,,,,,,,,,,,,,
wpn_t9_krig6_tail_plr,,,skye_ports\t9_common\reverb\exterior\ar\wpn_t9_reverb_ar1_ext2.wav,,,wpn_t9_reverb_ext_plr,,,,,,,,,,,,,,,,,,,,,,,,,,,,,,,,,,,,,,,,,,,,,,,,,,,,,,,,,,,,,,,,,,,,,,,,,,,,,,,,,,,,,,,,,,,,,,,
wpn_t9_krig6_tail_plr,,,skye_ports\t9_common\reverb\exterior\ar\wpn_t9_reverb_ar1_ext3.wav,,,wpn_t9_reverb_ext_plr,,,,,,,,,,,,,,,,,,,,,,,,,,,,,,,,,,,,,,,,,,,,,,,,,,,,,,,,,,,,,,,,,,,,,,,,,,,,,,,,,,,,,,,,,,,,,,,
wpn_t9_krig6_tail_plr,,,skye_ports\t9_common\reverb\exterior\ar\wpn_t9_reverb_ar1_ext4.wav,,,wpn_t9_reverb_ext_plr,,,,,,,,,,,,,,,,,,,,,,,,,,,,,,,,,,,,,,,,,,,,,,,,,,,,,,,,,,,,,,,,,,,,,,,,,,,,,,,,,,,,,,,,,,,,,,,
wpn_t9_krig6_tail_plr,,,skye_ports\t9_common\reverb\exterior\ar\wpn_t9_reverb_ar1_ext5.wav,,,wpn_t9_reverb_ext_plr,,,,,,,,,,,,,,,,,,,,,,,,,,,,,,,,,,,,,,,,,,,,,,,,,,,,,,,,,,,,,,,,,,,,,,,,,,,,,,,,,,,,,,,,,,,,,,,
wpn_t9_krig6_tail_plr,,,skye_ports\t9_common\reverb\exterior\ar\wpn_t9_reverb_ar1_ext6.wav,,,wpn_t9_reverb_ext_plr,,,,,,,,,,,,,,,,,,,,,,,,,,,,,,,,,,,,,,,,,,,,,,,,,,,,,,,,,,,,,,,,,,,,,,,,,,,,,,,,,,,,,,,,,,,,,,,
wpn_t9_krig6_tail_npc,,,skye_ports\t9_common\reverb\exterior\ar\wpn_t9_reverb_ar1_ext1.wav,,,wpn_t9_reverb_ext_npc,,,,,,,,,,,,,,,,,,,,,,,,,,,,,,,,,,,,,,,,,,,,,,,,,,,,,,,,,,,,,,,,,,,,,,,,,,,,,,,,,,,,,,,,,,,,,,,
wpn_t9_krig6_tail_npc,,,skye_ports\t9_common\reverb\exterior\ar\wpn_t9_reverb_ar1_ext2.wav,,,wpn_t9_reverb_ext_npc,,,,,,,,,,,,,,,,,,,,,,,,,,,,,,,,,,,,,,,,,,,,,,,,,,,,,,,,,,,,,,,,,,,,,,,,,,,,,,,,,,,,,,,,,,,,,,,
wpn_t9_krig6_tail_npc,,,skye_ports\t9_common\reverb\exterior\ar\wpn_t9_reverb_ar1_ext3.wav,,,wpn_t9_reverb_ext_npc,,,,,,,,,,,,,,,,,,,,,,,,,,,,,,,,,,,,,,,,,,,,,,,,,,,,,,,,,,,,,,,,,,,,,,,,,,,,,,,,,,,,,,,,,,,,,,,
wpn_t9_krig6_tail_npc,,,skye_ports\t9_common\reverb\exterior\ar\wpn_t9_reverb_ar1_ext4.wav,,,wpn_t9_reverb_ext_npc,,,,,,,,,,,,,,,,,,,,,,,,,,,,,,,,,,,,,,,,,,,,,,,,,,,,,,,,,,,,,,,,,,,,,,,,,,,,,,,,,,,,,,,,,,,,,,,
wpn_t9_krig6_tail_npc,,,skye_ports\t9_common\reverb\exterior\ar\wpn_t9_reverb_ar1_ext5.wav,,,wpn_t9_reverb_ext_npc,,,,,,,,,,,,,,,,,,,,,,,,,,,,,,,,,,,,,,,,,,,,,,,,,,,,,,,,,,,,,,,,,,,,,,,,,,,,,,,,,,,,,,,,,,,,,,,
wpn_t9_krig6_tail_npc,,,skye_ports\t9_common\reverb\exterior\ar\wpn_t9_reverb_ar1_ext6.wav,,,wpn_t9_reverb_ext_npc,,,,,,,,,,,,,,,,,,,,,,,,,,,,,,,,,,,,,,,,,,,,,,,,,,,,,,,,,,,,,,,,,,,,,,,,,,,,,,,,,,,,,,,,,,,,,,,
wpn_t9_krig6_tail_plr,,,skye_ports\t9_common\reverb\interior\ar\wpn_t9_reverb_ar_int1.wav,,,wpn_t9_reverb_int_plr,,,,,,,,,,,,,,,,,,,,,,,,,,,,,,,,,,,,,,,,,,,,,,,,,,,,,,,,,,,,,,,,,,,,,,,,,,,,,,,,,,,,,,,,,,,,,,,
wpn_t9_krig6_tail_plr,,,skye_ports\t9_common\reverb\interior\ar\wpn_t9_reverb_ar_int2.wav,,,wpn_t9_reverb_int_plr,,,,,,,,,,,,,,,,,,,,,,,,,,,,,,,,,,,,,,,,,,,,,,,,,,,,,,,,,,,,,,,,,,,,,,,,,,,,,,,,,,,,,,,,,,,,,,,
wpn_t9_krig6_tail_plr,,,skye_ports\t9_common\reverb\interior\ar\wpn_t9_reverb_ar_int3.wav,,,wpn_t9_reverb_int_plr,,,,,,,,,,,,,,,,,,,,,,,,,,,,,,,,,,,,,,,,,,,,,,,,,,,,,,,,,,,,,,,,,,,,,,,,,,,,,,,,,,,,,,,,,,,,,,,
wpn_t9_krig6_tail_plr,,,skye_ports\t9_common\reverb\interior\ar\wpn_t9_reverb_ar_int4.wav,,,wpn_t9_reverb_int_plr,,,,,,,,,,,,,,,,,,,,,,,,,,,,,,,,,,,,,,,,,,,,,,,,,,,,,,,,,,,,,,,,,,,,,,,,,,,,,,,,,,,,,,,,,,,,,,,
wpn_t9_krig6_tail_npc,,,skye_ports\t9_common\reverb\interior\ar\wpn_t9_reverb_ar_int1.wav,,,wpn_t9_reverb_int_npc,,,,,,,,,,,,,,,,,,,,,,,,,,,,,,,,,,,,,,,,,,,,,,,,,,,,,,,,,,,,,,,,,,,,,,,,,,,,,,,,,,,,,,,,,,,,,,,
wpn_t9_krig6_tail_npc,,,skye_ports\t9_common\reverb\interior\ar\wpn_t9_reverb_ar_int2.wav,,,wpn_t9_reverb_int_npc,,,,,,,,,,,,,,,,,,,,,,,,,,,,,,,,,,,,,,,,,,,,,,,,,,,,,,,,,,,,,,,,,,,,,,,,,,,,,,,,,,,,,,,,,,,,,,,
wpn_t9_krig6_tail_npc,,,skye_ports\t9_common\reverb\interior\ar\wpn_t9_reverb_ar_int3.wav,,,wpn_t9_reverb_int_npc,,,,,,,,,,,,,,,,,,,,,,,,,,,,,,,,,,,,,,,,,,,,,,,,,,,,,,,,,,,,,,,,,,,,,,,,,,,,,,,,,,,,,,,,,,,,,,,
wpn_t9_krig6_tail_npc,,,skye_ports\t9_common\reverb\interior\ar\wpn_t9_reverb_ar_int4.wav,,,wpn_t9_reverb_int_npc,,,,,,,,,,,,,,,,,,,,,,,,,,,,,,,,,,,,,,,,,,,,,,,,,,,,,,,,,,,,,,,,,,,,,,,,,,,,,,,,,,,,,,,,,,,,,,,
wpn_t9_krig6_pap_flux_plr,,,skye_ports\t9_krig6\fire\wpn_t9_krig6_pap_flux.wav,,,wpn_t9_pap_shot_plr,,wpn_t9_krig6_trig_pull_plr,,,,,,,,,,,,,,,,,,,,,,,,,,,,,,,,,,,,,,,,,,,,,,,,,,,,,,,,,,,,,,,,,,,,,,,,,,,,,,,,,,,,,,,,,,,,,
wpn_t9_krig6_pap_flux_npc,,,skye_ports\t9_krig6\fire\wpn_t9_krig6_pap_flux.wav,,,wpn_t9_pap_shot_npc,,wpn_t9_krig6_trig_pull_npc,,,,,,,,,,,,,,,,,,,,,,,,,,,,,,,,,,,,,,,,,,,,,,,,,,,,,,,,,,,,,,,,,,,,,,,,,,,,,,,,,,,,,,,,,,,,,
wpn_t9_krig6_bolt_back,,,skye_ports\t9_krig6\foley\wpn_t9_krig6_bolt_back.wav,,,wpn_t9_reload_plr,,,,,,,,,,,,,,,,,,,,,,,,,,,,,,,,,,,,,,,,,,,,,,,,,,,,,,,,,,,,,,,,,,,,,,,,,,,,,,,,,,,,,,,,,,,,,,,
wpn_t9_krig6_bolt_forward,,,skye_ports\t9_krig6\foley\wpn_t9_krig6_bolt_forward.wav,,,wpn_t9_reload_plr,,,,,,,,,,,,,,,,,,,,,,,,,,,,,,,,,,,,,,,,,,,,,,,,,,,,,,,,,,,,,,,,,,,,,,,,,,,,,,,,,,,,,,,,,,,,,,,
wpn_t9_krig6_cloth1,,,skye_ports\t9_krig6\foley\wpn_t9_krig6_cloth1a.wav,,,wpn_t9_reload_plr,,,,,,,,,,,,,,,,,,,,,,,,,,,,,,,,,,,,,,,,,,,,,,,,,,,,,,,,,,,,,,,,,,,,,,,,,,,,,,,,,,,,,,,,,,,,,,,
wpn_t9_krig6_cloth1,,,skye_ports\t9_krig6\foley\wpn_t9_krig6_cloth1b.wav,,,wpn_t9_reload_plr,,,,,,,,,,,,,,,,,,,,,,,,,,,,,,,,,,,,,,,,,,,,,,,,,,,,,,,,,,,,,,,,,,,,,,,,,,,,,,,,,,,,,,,,,,,,,,,
wpn_t9_krig6_cloth2,,,skye_ports\t9_krig6\foley\wpn_t9_krig6_cloth2a.wav,,,wpn_t9_reload_plr,,,,,,,,,,,,,,,,,,,,,,,,,,,,,,,,,,,,,,,,,,,,,,,,,,,,,,,,,,,,,,,,,,,,,,,,,,,,,,,,,,,,,,,,,,,,,,,
wpn_t9_krig6_cloth2,,,skye_ports\t9_krig6\foley\wpn_t9_krig6_cloth2b.wav,,,wpn_t9_reload_plr,,,,,,,,,,,,,,,,,,,,,,,,,,,,,,,,,,,,,,,,,,,,,,,,,,,,,,,,,,,,,,,,,,,,,,,,,,,,,,,,,,,,,,,,,,,,,,,
wpn_t9_krig6_cloth3,,,skye_ports\t9_krig6\foley\wpn_t9_krig6_cloth3a.wav,,,wpn_t9_reload_plr,,,,,,,,,,,,,,,,,,,,,,,,,,,,,,,,,,,,,,,,,,,,,,,,,,,,,,,,,,,,,,,,,,,,,,,,,,,,,,,,,,,,,,,,,,,,,,,
wpn_t9_krig6_cloth3,,,skye_ports\t9_krig6\foley\wpn_t9_krig6_cloth3b.wav,,,wpn_t9_reload_plr,,,,,,,,,,,,,,,,,,,,,,,,,,,,,,,,,,,,,,,,,,,,,,,,,,,,,,,,,,,,,,,,,,,,,,,,,,,,,,,,,,,,,,,,,,,,,,,
wpn_t9_krig6_cloth4,,,skye_ports\t9_krig6\foley\wpn_t9_krig6_cloth4a.wav,,,wpn_t9_reload_plr,,,,,,,,,,,,,,,,,,,,,,,,,,,,,,,,,,,,,,,,,,,,,,,,,,,,,,,,,,,,,,,,,,,,,,,,,,,,,,,,,,,,,,,,,,,,,,,
wpn_t9_krig6_cloth4,,,skye_ports\t9_krig6\foley\wpn_t9_krig6_cloth4b.wav,,,wpn_t9_reload_plr,,,,,,,,,,,,,,,,,,,,,,,,,,,,,,,,,,,,,,,,,,,,,,,,,,,,,,,,,,,,,,,,,,,,,,,,,,,,,,,,,,,,,,,,,,,,,,,
wpn_t9_krig6_end,,,skye_ports\t9_krig6\foley\wpn_t9_krig6_end.wav,,,wpn_t9_reload_plr,,,,,,,,,,,,,,,,,,,,,,,,,,,,,,,,,,,,,,,,,,,,,,,,,,,,,,,,,,,,,,,,,,,,,,,,,,,,,,,,,,,,,,,,,,,,,,,
wpn_t9_krig6_first_raise_start,,,skye_ports\t9_krig6\foley\wpn_t9_krig6_first_raise_start.wav,,,wpn_t9_reload_plr,,,,,,,,,,,,,,,,,,,,,,,,,,,,,,,,,,,,,,,,,,,,,,,,,,,,,,,,,,,,,,,,,,,,,,,,,,,,,,,,,,,,,,,,,,,,,,,
wpn_t9_krig6_mag_grab,,,skye_ports\t9_krig6\foley\wpn_t9_krig6_mag_grab1.wav,,,wpn_t9_reload_plr,,,,,,,,,,,,,,,,,,,,,,,,,,,,,,,,,,,,,,,,,,,,,,,,,,,,,,,,,,,,,,,,,,,,,,,,,,,,,,,,,,,,,,,,,,,,,,,
wpn_t9_krig6_mag_grab,,,skye_ports\t9_krig6\foley\wpn_t9_krig6_mag_grab2.wav,,,wpn_t9_reload_plr,,,,,,,,,,,,,,,,,,,,,,,,,,,,,,,,,,,,,,,,,,,,,,,,,,,,,,,,,,,,,,,,,,,,,,,,,,,,,,,,,,,,,,,,,,,,,,,
wpn_t9_krig6_mag_grab,,,skye_ports\t9_krig6\foley\wpn_t9_krig6_mag_grab3.wav,,,wpn_t9_reload_plr,,,,,,,,,,,,,,,,,,,,,,,,,,,,,,,,,,,,,,,,,,,,,,,,,,,,,,,,,,,,,,,,,,,,,,,,,,,,,,,,,,,,,,,,,,,,,,,
wpn_t9_krig6_mag_in,,,skye_ports\t9_krig6\foley\wpn_t9_krig6_mag_in.wav,,,wpn_t9_reload_plr,,,,,,,,,,,,,,,,,,,,,,,,,,,,,,,,,,,,,,,,,,,,,,,,,,,,,,,,,,,,,,,,,,,,,,,,,,,,,,,,,,,,,,,,,,,,,,,
wpn_t9_krig6_mag_out,,,skye_ports\t9_krig6\foley\wpn_t9_krig6_mag_out.wav,,,wpn_t9_reload_plr,,,,,,,,,,,,,,,,,,,,,,,,,,,,,,,,,,,,,,,,,,,,,,,,,,,,,,,,,,,,,,,,,,,,,,,,,,,,,,,,,,,,,,,,,,,,,,,
wpn_t9_krig6_mvmnt,,,skye_ports\t9_krig6\foley\wpn_t9_krig6_mvmnt1.wav,,,wpn_t9_reload_plr,,,,,,,,,,,,,,,,,,,,,,,,,,,,,,,,,,,,,,,,,,,,,,,,,,,,,,,,,,,,,,,,,,,,,,,,,,,,,,,,,,,,,,,,,,,,,,,
wpn_t9_krig6_mvmnt,,,skye_ports\t9_krig6\foley\wpn_t9_krig6_mvmnt2.wav,,,wpn_t9_reload_plr,,,,,,,,,,,,,,,,,,,,,,,,,,,,,,,,,,,,,,,,,,,,,,,,,,,,,,,,,,,,,,,,,,,,,,,,,,,,,,,,,,,,,,,,,,,,,,,
wpn_t9_krig6_mvmnt,,,skye_ports\t9_krig6\foley\wpn_t9_krig6_mvmnt3.wav,,,wpn_t9_reload_plr,,,,,,,,,,,,,,,,,,,,,,,,,,,,,,,,,,,,,,,,,,,,,,,,,,,,,,,,,,,,,,,,,,,,,,,,,,,,,,,,,,,,,,,,,,,,,,,
wpn_t9_krig6_mvmnt,,,skye_ports\t9_krig6\foley\wpn_t9_krig6_mvmnt4.wav,,,wpn_t9_reload_plr,,,,,,,,,,,,,,,,,,,,,,,,,,,,,,,,,,,,,,,,,,,,,,,,,,,,,,,,,,,,,,,,,,,,,,,,,,,,,,,,,,,,,,,,,,,,,,,
wpn_t9_krig6_quick_charge,,,skye_ports\t9_krig6\foley\wpn_t9_krig6_quick_charge.wav,,,wpn_t9_reload_plr,,,,,,,,,,,,,,,,,,,,,,,,,,,,,,,,,,,,,,,,,,,,,,,,,,,,,,,,,,,,,,,,,,,,,,,,,,,,,,,,,,,,,,,,,,,,,,,
wpn_t9_krig6_quick_mvmnt,,,skye_ports\t9_krig6\foley\wpn_t9_krig6_quick_mvmnt1.wav,,,wpn_t9_reload_plr,,,,,,,,,,,,,,,,,,,,,,,,,,,,,,,,,,,,,,,,,,,,,,,,,,,,,,,,,,,,,,,,,,,,,,,,,,,,,,,,,,,,,,,,,,,,,,,
wpn_t9_krig6_quick_mvmnt,,,skye_ports\t9_krig6\foley\wpn_t9_krig6_quick_mvmnt2.wav,,,wpn_t9_reload_plr,,,,,,,,,,,,,,,,,,,,,,,,,,,,,,,,,,,,,,,,,,,,,,,,,,,,,,,,,,,,,,,,,,,,,,,,,,,,,,,,,,,,,,,,,,,,,,,
wpn_t9_krig6_regrip,,,skye_ports\t9_krig6\foley\wpn_t9_krig6_regrip.wav,,,wpn_t9_reload_plr,,,,,,,,,,,,,,,,,,,,,,,,,,,,,,,,,,,,,,,,,,,,,,,,,,,,,,,,,,,,,,,,,,,,,,,,,,,,,,,,,,,,,,,,,,,,,,,
wpn_t9_mp5_shot_plr,,,skye_ports\t9_mp5\fire\wpn_t9_mp5_shot1.wav,,,wpn_t9_shot_plr,,wpn_t9_mp5_trig_pull_plr,,,,,,,,,,,,,,,,,,,,,,,,,,,,,,,,,,,,,,,,,,,,,,,,,,,,,,,,,,,,,,,,,,,,,,,,,,,,,,,,,,,,,,,,,,,,,
wpn_t9_mp5_shot_plr,,,skye_ports\t9_mp5\fire\wpn_t9_mp5_shot2.wav,,,wpn_t9_shot_plr,,wpn_t9_mp5_trig_pull_plr,,,,,,,,,,,,,,,,,,,,,,,,,,,,,,,,,,,,,,,,,,,,,,,,,,,,,,,,,,,,,,,,,,,,,,,,,,,,,,,,,,,,,,,,,,,,,
wpn_t9_mp5_shot_plr,,,skye_ports\t9_mp5\fire\wpn_t9_mp5_shot3.wav,,,wpn_t9_shot_plr,,wpn_t9_mp5_trig_pull_plr,,,,,,,,,,,,,,,,,,,,,,,,,,,,,,,,,,,,,,,,,,,,,,,,,,,,,,,,,,,,,,,,,,,,,,,,,,,,,,,,,,,,,,,,,,,,,
wpn_t9_mp5_shot_plr,,,skye_ports\t9_mp5\fire\wpn_t9_mp5_shot4.wav,,,wpn_t9_shot_plr,,wpn_t9_mp5_trig_pull_plr,,,,,,,,,,,,,,,,,,,,,,,,,,,,,,,,,,,,,,,,,,,,,,,,,,,,,,,,,,,,,,,,,,,,,,,,,,,,,,,,,,,,,,,,,,,,,
wpn_t9_mp5_shot_plr,,,skye_ports\t9_mp5\fire\wpn_t9_mp5_shot5.wav,,,wpn_t9_shot_plr,,wpn_t9_mp5_trig_pull_plr,,,,,,,,,,,,,,,,,,,,,,,,,,,,,,,,,,,,,,,,,,,,,,,,,,,,,,,,,,,,,,,,,,,,,,,,,,,,,,,,,,,,,,,,,,,,,
wpn_t9_mp5_shot_plr,,,skye_ports\t9_mp5\fire\wpn_t9_mp5_shot6.wav,,,wpn_t9_shot_plr,,wpn_t9_mp5_trig_pull_plr,,,,,,,,,,,,,,,,,,,,,,,,,,,,,,,,,,,,,,,,,,,,,,,,,,,,,,,,,,,,,,,,,,,,,,,,,,,,,,,,,,,,,,,,,,,,,
wpn_t9_mp5_shot_npc,,,skye_ports\t9_mp5\fire\wpn_t9_mp5_shot1.wav,,,wpn_t9_shot_npc,,wpn_t9_mp5_trig_pull_npc,,,,,,,,,,,,,,,,,,,,,,,,,,,,,,,,,,,,,,,,,,,,,,,,,,,,,,,,,,,,,,,,,,,,,,,,,,,,,,,,,,,,,,,,,,,,,
wpn_t9_mp5_shot_npc,,,skye_ports\t9_mp5\fire\wpn_t9_mp5_shot2.wav,,,wpn_t9_shot_npc,,wpn_t9_mp5_trig_pull_npc,,,,,,,,,,,,,,,,,,,,,,,,,,,,,,,,,,,,,,,,,,,,,,,,,,,,,,,,,,,,,,,,,,,,,,,,,,,,,,,,,,,,,,,,,,,,,
wpn_t9_mp5_shot_npc,,,skye_ports\t9_mp5\fire\wpn_t9_mp5_shot3.wav,,,wpn_t9_shot_npc,,wpn_t9_mp5_trig_pull_npc,,,,,,,,,,,,,,,,,,,,,,,,,,,,,,,,,,,,,,,,,,,,,,,,,,,,,,,,,,,,,,,,,,,,,,,,,,,,,,,,,,,,,,,,,,,,,
wpn_t9_mp5_shot_npc,,,skye_ports\t9_mp5\fire\wpn_t9_mp5_shot4.wav,,,wpn_t9_shot_npc,,wpn_t9_mp5_trig_pull_npc,,,,,,,,,,,,,,,,,,,,,,,,,,,,,,,,,,,,,,,,,,,,,,,,,,,,,,,,,,,,,,,,,,,,,,,,,,,,,,,,,,,,,,,,,,,,,
wpn_t9_mp5_shot_npc,,,skye_ports\t9_mp5\fire\wpn_t9_mp5_shot5.wav,,,wpn_t9_shot_npc,,wpn_t9_mp5_trig_pull_npc,,,,,,,,,,,,,,,,,,,,,,,,,,,,,,,,,,,,,,,,,,,,,,,,,,,,,,,,,,,,,,,,,,,,,,,,,,,,,,,,,,,,,,,,,,,,,
wpn_t9_mp5_shot_npc,,,skye_ports\t9_mp5\fire\wpn_t9_mp5_shot6.wav,,,wpn_t9_shot_npc,,wpn_t9_mp5_trig_pull_npc,,,,,,,,,,,,,,,,,,,,,,,,,,,,,,,,,,,,,,,,,,,,,,,,,,,,,,,,,,,,,,,,,,,,,,,,,,,,,,,,,,,,,,,,,,,,,
wpn_t9_mp5_pap_shot_plr,,,skye_ports\t9_mp5\fire\wpn_t9_mp5_shot1.wav,,,wpn_t9_shot_plr,,wpn_t9_mp5_pap_flux_plr,,,,,,,,,,,,,,,,,,,,,,,,,,,,,,,,,,,,,,,,,,,,,,,,,,,,,,,,,,,,,,,,,,,,,,,,,,,,,,,,,,,,,,,,,,,,,
wpn_t9_mp5_pap_shot_plr,,,skye_ports\t9_mp5\fire\wpn_t9_mp5_shot2.wav,,,wpn_t9_shot_plr,,wpn_t9_mp5_pap_flux_plr,,,,,,,,,,,,,,,,,,,,,,,,,,,,,,,,,,,,,,,,,,,,,,,,,,,,,,,,,,,,,,,,,,,,,,,,,,,,,,,,,,,,,,,,,,,,,
wpn_t9_mp5_pap_shot_plr,,,skye_ports\t9_mp5\fire\wpn_t9_mp5_shot3.wav,,,wpn_t9_shot_plr,,wpn_t9_mp5_pap_flux_plr,,,,,,,,,,,,,,,,,,,,,,,,,,,,,,,,,,,,,,,,,,,,,,,,,,,,,,,,,,,,,,,,,,,,,,,,,,,,,,,,,,,,,,,,,,,,,
wpn_t9_mp5_pap_shot_plr,,,skye_ports\t9_mp5\fire\wpn_t9_mp5_shot4.wav,,,wpn_t9_shot_plr,,wpn_t9_mp5_pap_flux_plr,,,,,,,,,,,,,,,,,,,,,,,,,,,,,,,,,,,,,,,,,,,,,,,,,,,,,,,,,,,,,,,,,,,,,,,,,,,,,,,,,,,,,,,,,,,,,
wpn_t9_mp5_pap_shot_plr,,,skye_ports\t9_mp5\fire\wpn_t9_mp5_shot5.wav,,,wpn_t9_shot_plr,,wpn_t9_mp5_pap_flux_plr,,,,,,,,,,,,,,,,,,,,,,,,,,,,,,,,,,,,,,,,,,,,,,,,,,,,,,,,,,,,,,,,,,,,,,,,,,,,,,,,,,,,,,,,,,,,,
wpn_t9_mp5_pap_shot_plr,,,skye_ports\t9_mp5\fire\wpn_t9_mp5_shot6.wav,,,wpn_t9_shot_plr,,wpn_t9_mp5_pap_flux_plr,,,,,,,,,,,,,,,,,,,,,,,,,,,,,,,,,,,,,,,,,,,,,,,,,,,,,,,,,,,,,,,,,,,,,,,,,,,,,,,,,,,,,,,,,,,,,
wpn_t9_mp5_pap_shot_npc,,,skye_ports\t9_mp5\fire\wpn_t9_mp5_shot1.wav,,,wpn_t9_shot_npc,,wpn_t9_mp5_pap_flux_npc,,,,,,,,,,,,,,,,,,,,,,,,,,,,,,,,,,,,,,,,,,,,,,,,,,,,,,,,,,,,,,,,,,,,,,,,,,,,,,,,,,,,,,,,,,,,,
wpn_t9_mp5_pap_shot_npc,,,skye_ports\t9_mp5\fire\wpn_t9_mp5_shot2.wav,,,wpn_t9_shot_npc,,wpn_t9_mp5_pap_flux_npc,,,,,,,,,,,,,,,,,,,,,,,,,,,,,,,,,,,,,,,,,,,,,,,,,,,,,,,,,,,,,,,,,,,,,,,,,,,,,,,,,,,,,,,,,,,,,
wpn_t9_mp5_pap_shot_npc,,,skye_ports\t9_mp5\fire\wpn_t9_mp5_shot3.wav,,,wpn_t9_shot_npc,,wpn_t9_mp5_pap_flux_npc,,,,,,,,,,,,,,,,,,,,,,,,,,,,,,,,,,,,,,,,,,,,,,,,,,,,,,,,,,,,,,,,,,,,,,,,,,,,,,,,,,,,,,,,,,,,,
wpn_t9_mp5_pap_shot_npc,,,skye_ports\t9_mp5\fire\wpn_t9_mp5_shot4.wav,,,wpn_t9_shot_npc,,wpn_t9_mp5_pap_flux_npc,,,,,,,,,,,,,,,,,,,,,,,,,,,,,,,,,,,,,,,,,,,,,,,,,,,,,,,,,,,,,,,,,,,,,,,,,,,,,,,,,,,,,,,,,,,,,
wpn_t9_mp5_pap_shot_npc,,,skye_ports\t9_mp5\fire\wpn_t9_mp5_shot5.wav,,,wpn_t9_shot_npc,,wpn_t9_mp5_pap_flux_npc,,,,,,,,,,,,,,,,,,,,,,,,,,,,,,,,,,,,,,,,,,,,,,,,,,,,,,,,,,,,,,,,,,,,,,,,,,,,,,,,,,,,,,,,,,,,,
wpn_t9_mp5_pap_shot_npc,,,skye_ports\t9_mp5\fire\wpn_t9_mp5_shot6.wav,,,wpn_t9_shot_npc,,wpn_t9_mp5_pap_flux_npc,,,,,,,,,,,,,,,,,,,,,,,,,,,,,,,,,,,,,,,,,,,,,,,,,,,,,,,,,,,,,,,,,,,,,,,,,,,,,,,,,,,,,,,,,,,,,
wpn_t9_mp5_trig_pull_plr,,,skye_ports\t9_mp5\fire\wpn_t9_mp5_trig_pull1.wav,,,wpn_t9_shot_plr,,wpn_t9_mp5_mech_plr,,,,,,,,,,,,,,,,,,,,,,,,,,,,,,,,,,,,,,,,,,,,,,,,,,,,,,,,,,,,,,,,,,,,,,,,,,,,,,,,,,,,,,,,,,,,,
wpn_t9_mp5_trig_pull_plr,,,skye_ports\t9_mp5\fire\wpn_t9_mp5_trig_pull2.wav,,,wpn_t9_shot_plr,,wpn_t9_mp5_mech_plr,,,,,,,,,,,,,,,,,,,,,,,,,,,,,,,,,,,,,,,,,,,,,,,,,,,,,,,,,,,,,,,,,,,,,,,,,,,,,,,,,,,,,,,,,,,,,
wpn_t9_mp5_trig_pull_plr,,,skye_ports\t9_mp5\fire\wpn_t9_mp5_trig_pull3.wav,,,wpn_t9_shot_plr,,wpn_t9_mp5_mech_plr,,,,,,,,,,,,,,,,,,,,,,,,,,,,,,,,,,,,,,,,,,,,,,,,,,,,,,,,,,,,,,,,,,,,,,,,,,,,,,,,,,,,,,,,,,,,,
wpn_t9_mp5_trig_pull_plr,,,skye_ports\t9_mp5\fire\wpn_t9_mp5_trig_pull4.wav,,,wpn_t9_shot_plr,,wpn_t9_mp5_mech_plr,,,,,,,,,,,,,,,,,,,,,,,,,,,,,,,,,,,,,,,,,,,,,,,,,,,,,,,,,,,,,,,,,,,,,,,,,,,,,,,,,,,,,,,,,,,,,
wpn_t9_mp5_trig_pull_plr,,,skye_ports\t9_mp5\fire\wpn_t9_mp5_trig_pull5.wav,,,wpn_t9_shot_plr,,wpn_t9_mp5_mech_plr,,,,,,,,,,,,,,,,,,,,,,,,,,,,,,,,,,,,,,,,,,,,,,,,,,,,,,,,,,,,,,,,,,,,,,,,,,,,,,,,,,,,,,,,,,,,,
wpn_t9_mp5_trig_pull_plr,,,skye_ports\t9_mp5\fire\wpn_t9_mp5_trig_pull6.wav,,,wpn_t9_shot_plr,,wpn_t9_mp5_mech_plr,,,,,,,,,,,,,,,,,,,,,,,,,,,,,,,,,,,,,,,,,,,,,,,,,,,,,,,,,,,,,,,,,,,,,,,,,,,,,,,,,,,,,,,,,,,,,
wpn_t9_mp5_trig_pull_npc,,,skye_ports\t9_mp5\fire\wpn_t9_mp5_trig_pull1.wav,,,wpn_t9_shot_npc,,wpn_t9_mp5_mech_npc,,,,,,,,,,,,,,,,,,,,,,,,,,,,,,,,,,,,,,,,,,,,,,,,,,,,,,,,,,,,,,,,,,,,,,,,,,,,,,,,,,,,,,,,,,,,,
wpn_t9_mp5_trig_pull_npc,,,skye_ports\t9_mp5\fire\wpn_t9_mp5_trig_pull2.wav,,,wpn_t9_shot_npc,,wpn_t9_mp5_mech_npc,,,,,,,,,,,,,,,,,,,,,,,,,,,,,,,,,,,,,,,,,,,,,,,,,,,,,,,,,,,,,,,,,,,,,,,,,,,,,,,,,,,,,,,,,,,,,
wpn_t9_mp5_trig_pull_npc,,,skye_ports\t9_mp5\fire\wpn_t9_mp5_trig_pull3.wav,,,wpn_t9_shot_npc,,wpn_t9_mp5_mech_npc,,,,,,,,,,,,,,,,,,,,,,,,,,,,,,,,,,,,,,,,,,,,,,,,,,,,,,,,,,,,,,,,,,,,,,,,,,,,,,,,,,,,,,,,,,,,,
wpn_t9_mp5_trig_pull_npc,,,skye_ports\t9_mp5\fire\wpn_t9_mp5_trig_pull4.wav,,,wpn_t9_shot_npc,,wpn_t9_mp5_mech_npc,,,,,,,,,,,,,,,,,,,,,,,,,,,,,,,,,,,,,,,,,,,,,,,,,,,,,,,,,,,,,,,,,,,,,,,,,,,,,,,,,,,,,,,,,,,,,
wpn_t9_mp5_trig_pull_npc,,,skye_ports\t9_mp5\fire\wpn_t9_mp5_trig_pull5.wav,,,wpn_t9_shot_npc,,wpn_t9_mp5_mech_npc,,,,,,,,,,,,,,,,,,,,,,,,,,,,,,,,,,,,,,,,,,,,,,,,,,,,,,,,,,,,,,,,,,,,,,,,,,,,,,,,,,,,,,,,,,,,,
wpn_t9_mp5_trig_pull_npc,,,skye_ports\t9_mp5\fire\wpn_t9_mp5_trig_pull6.wav,,,wpn_t9_shot_npc,,wpn_t9_mp5_mech_npc,,,,,,,,,,,,,,,,,,,,,,,,,,,,,,,,,,,,,,,,,,,,,,,,,,,,,,,,,,,,,,,,,,,,,,,,,,,,,,,,,,,,,,,,,,,,,
wpn_t9_mp5_mech_plr,,,skye_ports\t9_mp5\fire\wpn_t9_mp5_mech1.wav,,,wpn_t9_shot_plr,,wpn_t9_mp5_sub_plr,,,,,,,,,,,,,,,,,,,,,,,,,,,,,,,,,,,,,,,,,,,,,,,,,,,,,,,,,,,,,,,,,,,,,,,,,,,,,,,,,,,,,,,,,,,,,
wpn_t9_mp5_mech_plr,,,skye_ports\t9_mp5\fire\wpn_t9_mp5_mech2.wav,,,wpn_t9_shot_plr,,wpn_t9_mp5_sub_plr,,,,,,,,,,,,,,,,,,,,,,,,,,,,,,,,,,,,,,,,,,,,,,,,,,,,,,,,,,,,,,,,,,,,,,,,,,,,,,,,,,,,,,,,,,,,,
wpn_t9_mp5_mech_plr,,,skye_ports\t9_mp5\fire\wpn_t9_mp5_mech3.wav,,,wpn_t9_shot_plr,,wpn_t9_mp5_sub_plr,,,,,,,,,,,,,,,,,,,,,,,,,,,,,,,,,,,,,,,,,,,,,,,,,,,,,,,,,,,,,,,,,,,,,,,,,,,,,,,,,,,,,,,,,,,,,
wpn_t9_mp5_mech_plr,,,skye_ports\t9_mp5\fire\wpn_t9_mp5_mech4.wav,,,wpn_t9_shot_plr,,wpn_t9_mp5_sub_plr,,,,,,,,,,,,,,,,,,,,,,,,,,,,,,,,,,,,,,,,,,,,,,,,,,,,,,,,,,,,,,,,,,,,,,,,,,,,,,,,,,,,,,,,,,,,,
wpn_t9_mp5_mech_plr,,,skye_ports\t9_mp5\fire\wpn_t9_mp5_mech5.wav,,,wpn_t9_shot_plr,,wpn_t9_mp5_sub_plr,,,,,,,,,,,,,,,,,,,,,,,,,,,,,,,,,,,,,,,,,,,,,,,,,,,,,,,,,,,,,,,,,,,,,,,,,,,,,,,,,,,,,,,,,,,,,
wpn_t9_mp5_mech_plr,,,skye_ports\t9_mp5\fire\wpn_t9_mp5_mech6.wav,,,wpn_t9_shot_plr,,wpn_t9_mp5_sub_plr,,,,,,,,,,,,,,,,,,,,,,,,,,,,,,,,,,,,,,,,,,,,,,,,,,,,,,,,,,,,,,,,,,,,,,,,,,,,,,,,,,,,,,,,,,,,,
wpn_t9_mp5_mech_npc,,,skye_ports\t9_mp5\fire\wpn_t9_mp5_mech1.wav,,,wpn_t9_shot_npc,,wpn_t9_mp5_sub_npc,,,,,,,,,,,,,,,,,,,,,,,,,,,,,,,,,,,,,,,,,,,,,,,,,,,,,,,,,,,,,,,,,,,,,,,,,,,,,,,,,,,,,,,,,,,,,
wpn_t9_mp5_mech_npc,,,skye_ports\t9_mp5\fire\wpn_t9_mp5_mech2.wav,,,wpn_t9_shot_npc,,wpn_t9_mp5_sub_npc,,,,,,,,,,,,,,,,,,,,,,,,,,,,,,,,,,,,,,,,,,,,,,,,,,,,,,,,,,,,,,,,,,,,,,,,,,,,,,,,,,,,,,,,,,,,,
wpn_t9_mp5_mech_npc,,,skye_ports\t9_mp5\fire\wpn_t9_mp5_mech3.wav,,,wpn_t9_shot_npc,,wpn_t9_mp5_sub_npc,,,,,,,,,,,,,,,,,,,,,,,,,,,,,,,,,,,,,,,,,,,,,,,,,,,,,,,,,,,,,,,,,,,,,,,,,,,,,,,,,,,,,,,,,,,,,
wpn_t9_mp5_mech_npc,,,skye_ports\t9_mp5\fire\wpn_t9_mp5_mech4.wav,,,wpn_t9_shot_npc,,wpn_t9_mp5_sub_npc,,,,,,,,,,,,,,,,,,,,,,,,,,,,,,,,,,,,,,,,,,,,,,,,,,,,,,,,,,,,,,,,,,,,,,,,,,,,,,,,,,,,,,,,,,,,,
wpn_t9_mp5_mech_npc,,,skye_ports\t9_mp5\fire\wpn_t9_mp5_mech5.wav,,,wpn_t9_shot_npc,,wpn_t9_mp5_sub_npc,,,,,,,,,,,,,,,,,,,,,,,,,,,,,,,,,,,,,,,,,,,,,,,,,,,,,,,,,,,,,,,,,,,,,,,,,,,,,,,,,,,,,,,,,,,,,
wpn_t9_mp5_mech_npc,,,skye_ports\t9_mp5\fire\wpn_t9_mp5_mech6.wav,,,wpn_t9_shot_npc,,wpn_t9_mp5_sub_npc,,,,,,,,,,,,,,,,,,,,,,,,,,,,,,,,,,,,,,,,,,,,,,,,,,,,,,,,,,,,,,,,,,,,,,,,,,,,,,,,,,,,,,,,,,,,,
wpn_t9_mp5_sub_plr,,,skye_ports\t9_mp5\fire\wpn_t9_mp5_sub.wav,,,wpn_t9_shot_plr,,wpn_t9_mp5_tail_plr,,,,,,,,,,,,,,,,,,,,,,,,,,,,,,,,,,,,,,,,,,,,,,,,,,,,,,,,,,,,,,,,,,,,,,,,,,,,,,,,,,,,,,,,,,,,,
wpn_t9_mp5_sub_npc,,,skye_ports\t9_mp5\fire\wpn_t9_mp5_sub.wav,,,wpn_t9_shot_npc,,wpn_t9_mp5_tail_npc,,,,,,,,,,,,,,,,,,,,,,,,,,,,,,,,,,,,,,,,,,,,,,,,,,,,,,,,,,,,,,,,,,,,,,,,,,,,,,,,,,,,,,,,,,,,,
wpn_t9_mp5_tail_plr,,,skye_ports\t9_common\reverb\exterior\ar\wpn_t9_reverb_ar1_ext1.wav,,,wpn_t9_reverb_ext_plr,,,,,,,,,,,,,,,,,,,,,,,,,,,,,,,,,,,,,,,,,,,,,,,,,,,,,,,,,,,,,,,,,,,,,,,,,,,,,,,,,,,,,,,,,,,,,,,
wpn_t9_mp5_tail_plr,,,skye_ports\t9_common\reverb\exterior\ar\wpn_t9_reverb_ar1_ext2.wav,,,wpn_t9_reverb_ext_plr,,,,,,,,,,,,,,,,,,,,,,,,,,,,,,,,,,,,,,,,,,,,,,,,,,,,,,,,,,,,,,,,,,,,,,,,,,,,,,,,,,,,,,,,,,,,,,,
wpn_t9_mp5_tail_plr,,,skye_ports\t9_common\reverb\exterior\ar\wpn_t9_reverb_ar1_ext3.wav,,,wpn_t9_reverb_ext_plr,,,,,,,,,,,,,,,,,,,,,,,,,,,,,,,,,,,,,,,,,,,,,,,,,,,,,,,,,,,,,,,,,,,,,,,,,,,,,,,,,,,,,,,,,,,,,,,
wpn_t9_mp5_tail_plr,,,skye_ports\t9_common\reverb\exterior\ar\wpn_t9_reverb_ar1_ext4.wav,,,wpn_t9_reverb_ext_plr,,,,,,,,,,,,,,,,,,,,,,,,,,,,,,,,,,,,,,,,,,,,,,,,,,,,,,,,,,,,,,,,,,,,,,,,,,,,,,,,,,,,,,,,,,,,,,,
wpn_t9_mp5_tail_plr,,,skye_ports\t9_common\reverb\exterior\ar\wpn_t9_reverb_ar1_ext5.wav,,,wpn_t9_reverb_ext_plr,,,,,,,,,,,,,,,,,,,,,,,,,,,,,,,,,,,,,,,,,,,,,,,,,,,,,,,,,,,,,,,,,,,,,,,,,,,,,,,,,,,,,,,,,,,,,,,
wpn_t9_mp5_tail_plr,,,skye_ports\t9_common\reverb\exterior\ar\wpn_t9_reverb_ar1_ext6.wav,,,wpn_t9_reverb_ext_plr,,,,,,,,,,,,,,,,,,,,,,,,,,,,,,,,,,,,,,,,,,,,,,,,,,,,,,,,,,,,,,,,,,,,,,,,,,,,,,,,,,,,,,,,,,,,,,,
wpn_t9_mp5_tail_npc,,,skye_ports\t9_common\reverb\exterior\ar\wpn_t9_reverb_ar1_ext1.wav,,,wpn_t9_reverb_ext_npc,,,,,,,,,,,,,,,,,,,,,,,,,,,,,,,,,,,,,,,,,,,,,,,,,,,,,,,,,,,,,,,,,,,,,,,,,,,,,,,,,,,,,,,,,,,,,,,
wpn_t9_mp5_tail_npc,,,skye_ports\t9_common\reverb\exterior\ar\wpn_t9_reverb_ar1_ext2.wav,,,wpn_t9_reverb_ext_npc,,,,,,,,,,,,,,,,,,,,,,,,,,,,,,,,,,,,,,,,,,,,,,,,,,,,,,,,,,,,,,,,,,,,,,,,,,,,,,,,,,,,,,,,,,,,,,,
wpn_t9_mp5_tail_npc,,,skye_ports\t9_common\reverb\exterior\ar\wpn_t9_reverb_ar1_ext3.wav,,,wpn_t9_reverb_ext_npc,,,,,,,,,,,,,,,,,,,,,,,,,,,,,,,,,,,,,,,,,,,,,,,,,,,,,,,,,,,,,,,,,,,,,,,,,,,,,,,,,,,,,,,,,,,,,,,
wpn_t9_mp5_tail_npc,,,skye_ports\t9_common\reverb\exterior\ar\wpn_t9_reverb_ar1_ext4.wav,,,wpn_t9_reverb_ext_npc,,,,,,,,,,,,,,,,,,,,,,,,,,,,,,,,,,,,,,,,,,,,,,,,,,,,,,,,,,,,,,,,,,,,,,,,,,,,,,,,,,,,,,,,,,,,,,,
wpn_t9_mp5_tail_npc,,,skye_ports\t9_common\reverb\exterior\ar\wpn_t9_reverb_ar1_ext5.wav,,,wpn_t9_reverb_ext_npc,,,,,,,,,,,,,,,,,,,,,,,,,,,,,,,,,,,,,,,,,,,,,,,,,,,,,,,,,,,,,,,,,,,,,,,,,,,,,,,,,,,,,,,,,,,,,,,
wpn_t9_mp5_tail_npc,,,skye_ports\t9_common\reverb\exterior\ar\wpn_t9_reverb_ar1_ext6.wav,,,wpn_t9_reverb_ext_npc,,,,,,,,,,,,,,,,,,,,,,,,,,,,,,,,,,,,,,,,,,,,,,,,,,,,,,,,,,,,,,,,,,,,,,,,,,,,,,,,,,,,,,,,,,,,,,,
wpn_t9_mp5_tail_plr,,,skye_ports\t9_common\reverb\interior\ar\wpn_t9_reverb_ar_int1.wav,,,wpn_t9_reverb_int_plr,,,,,,,,,,,,,,,,,,,,,,,,,,,,,,,,,,,,,,,,,,,,,,,,,,,,,,,,,,,,,,,,,,,,,,,,,,,,,,,,,,,,,,,,,,,,,,,
wpn_t9_mp5_tail_plr,,,skye_ports\t9_common\reverb\interior\ar\wpn_t9_reverb_ar_int2.wav,,,wpn_t9_reverb_int_plr,,,,,,,,,,,,,,,,,,,,,,,,,,,,,,,,,,,,,,,,,,,,,,,,,,,,,,,,,,,,,,,,,,,,,,,,,,,,,,,,,,,,,,,,,,,,,,,
wpn_t9_mp5_tail_plr,,,skye_ports\t9_common\reverb\interior\ar\wpn_t9_reverb_ar_int3.wav,,,wpn_t9_reverb_int_plr,,,,,,,,,,,,,,,,,,,,,,,,,,,,,,,,,,,,,,,,,,,,,,,,,,,,,,,,,,,,,,,,,,,,,,,,,,,,,,,,,,,,,,,,,,,,,,,
wpn_t9_mp5_tail_plr,,,skye_ports\t9_common\reverb\interior\ar\wpn_t9_reverb_ar_int4.wav,,,wpn_t9_reverb_int_plr,,,,,,,,,,,,,,,,,,,,,,,,,,,,,,,,,,,,,,,,,,,,,,,,,,,,,,,,,,,,,,,,,,,,,,,,,,,,,,,,,,,,,,,,,,,,,,,
wpn_t9_mp5_tail_npc,,,skye_ports\t9_common\reverb\interior\ar\wpn_t9_reverb_ar_int1.wav,,,wpn_t9_reverb_int_npc,,,,,,,,,,,,,,,,,,,,,,,,,,,,,,,,,,,,,,,,,,,,,,,,,,,,,,,,,,,,,,,,,,,,,,,,,,,,,,,,,,,,,,,,,,,,,,,
wpn_t9_mp5_tail_npc,,,skye_ports\t9_common\reverb\interior\ar\wpn_t9_reverb_ar_int2.wav,,,wpn_t9_reverb_int_npc,,,,,,,,,,,,,,,,,,,,,,,,,,,,,,,,,,,,,,,,,,,,,,,,,,,,,,,,,,,,,,,,,,,,,,,,,,,,,,,,,,,,,,,,,,,,,,,
wpn_t9_mp5_tail_npc,,,skye_ports\t9_common\reverb\interior\ar\wpn_t9_reverb_ar_int3.wav,,,wpn_t9_reverb_int_npc,,,,,,,,,,,,,,,,,,,,,,,,,,,,,,,,,,,,,,,,,,,,,,,,,,,,,,,,,,,,,,,,,,,,,,,,,,,,,,,,,,,,,,,,,,,,,,,
wpn_t9_mp5_tail_npc,,,skye_ports\t9_common\reverb\interior\ar\wpn_t9_reverb_ar_int4.wav,,,wpn_t9_reverb_int_npc,,,,,,,,,,,,,,,,,,,,,,,,,,,,,,,,,,,,,,,,,,,,,,,,,,,,,,,,,,,,,,,,,,,,,,,,,,,,,,,,,,,,,,,,,,,,,,,
wpn_t9_mp5_pap_flux_plr,,,skye_ports\t9_mp5\fire\wpn_t9_mp5_pap_flux.wav,,,wpn_t9_pap_shot_plr,,wpn_t9_mp5_trig_pull_plr,,,,,,,,,,,,,,,,,,,,,,,,,,,,,,,,,,,,,,,,,,,,,,,,,,,,,,,,,,,,,,,,,,,,,,,,,,,,,,,,,,,,,,,,,,,,,
wpn_t9_mp5_pap_flux_npc,,,skye_ports\t9_mp5\fire\wpn_t9_mp5_pap_flux.wav,,,wpn_t9_pap_shot_npc,,wpn_t9_mp5_trig_pull_npc,,,,,,,,,,,,,,,,,,,,,,,,,,,,,,,,,,,,,,,,,,,,,,,,,,,,,,,,,,,,,,,,,,,,,,,,,,,,,,,,,,,,,,,,,,,,,
wpn_t9_mp5_bolt_back,,,skye_ports\t9_mp5\foley\wpn_t9_mp5_bolt_back.wav,,,wpn_t9_reload_plr,,,,,,,,,,,,,,,,,,,,,,,,,,,,,,,,,,,,,,,,,,,,,,,,,,,,,,,,,,,,,,,,,,,,,,,,,,,,,,,,,,,,,,,,,,,,,,,
wpn_t9_mp5_bolt_forward,,,skye_ports\t9_mp5\foley\wpn_t9_mp5_bolt_forward.wav,,,wpn_t9_reload_plr,,,,,,,,,,,,,,,,,,,,,,,,,,,,,,,,,,,,,,,,,,,,,,,,,,,,,,,,,,,,,,,,,,,,,,,,,,,,,,,,,,,,,,,,,,,,,,,
wpn_t9_mp5_bolt_grab,,,skye_ports\t9_mp5\foley\wpn_t9_mp5_bolt_grab.wav,,,wpn_t9_reload_plr,,,,,,,,,,,,,,,,,,,,,,,,,,,,,,,,,,,,,,,,,,,,,,,,,,,,,,,,,,,,,,,,,,,,,,,,,,,,,,,,,,,,,,,,,,,,,,,
wpn_t9_mp5_cloth2,,,skye_ports\t9_mp5\foley\wpn_t9_mp5_cloth2a.wav,,,wpn_t9_reload_plr,,,,,,,,,,,,,,,,,,,,,,,,,,,,,,,,,,,,,,,,,,,,,,,,,,,,,,,,,,,,,,,,,,,,,,,,,,,,,,,,,,,,,,,,,,,,,,,
wpn_t9_mp5_cloth2,,,skye_ports\t9_mp5\foley\wpn_t9_mp5_cloth2b.wav,,,wpn_t9_reload_plr,,,,,,,,,,,,,,,,,,,,,,,,,,,,,,,,,,,,,,,,,,,,,,,,,,,,,,,,,,,,,,,,,,,,,,,,,,,,,,,,,,,,,,,,,,,,,,,
wpn_t9_mp5_empty_bolt_back,,,skye_ports\t9_mp5\foley\wpn_t9_mp5_empty_bolt_back.wav,,,wpn_t9_reload_plr,,,,,,,,,,,,,,,,,,,,,,,,,,,,,,,,,,,,,,,,,,,,,,,,,,,,,,,,,,,,,,,,,,,,,,,,,,,,,,,,,,,,,,,,,,,,,,,
wpn_t9_mp5_empty_bolt_forward,,,skye_ports\t9_mp5\foley\wpn_t9_mp5_empty_bolt_forward.wav,,,wpn_t9_reload_plr,,,,,,,,,,,,,,,,,,,,,,,,,,,,,,,,,,,,,,,,,,,,,,,,,,,,,,,,,,,,,,,,,,,,,,,,,,,,,,,,,,,,,,,,,,,,,,,
wpn_t9_mp5_empty_mag_in,,,skye_ports\t9_mp5\foley\wpn_t9_mp5_empty_mag_in.wav,,,wpn_t9_reload_plr,,,,,,,,,,,,,,,,,,,,,,,,,,,,,,,,,,,,,,,,,,,,,,,,,,,,,,,,,,,,,,,,,,,,,,,,,,,,,,,,,,,,,,,,,,,,,,,
wpn_t9_mp5_empty_mag_out,,,skye_ports\t9_mp5\foley\wpn_t9_mp5_empty_mag_out.wav,,,wpn_t9_reload_plr,,,,,,,,,,,,,,,,,,,,,,,,,,,,,,,,,,,,,,,,,,,,,,,,,,,,,,,,,,,,,,,,,,,,,,,,,,,,,,,,,,,,,,,,,,,,,,,
wpn_t9_mp5_end,,,skye_ports\t9_mp5\foley\wpn_t9_mp5_end.wav,,,wpn_t9_reload_plr,,,,,,,,,,,,,,,,,,,,,,,,,,,,,,,,,,,,,,,,,,,,,,,,,,,,,,,,,,,,,,,,,,,,,,,,,,,,,,,,,,,,,,,,,,,,,,,
wpn_t9_mp5_first_raise,,,skye_ports\t9_mp5\foley\wpn_t9_mp5_first_raise.wav,,,wpn_t9_reload_plr,,,,,,,,,,,,,,,,,,,,,,,,,,,,,,,,,,,,,,,,,,,,,,,,,,,,,,,,,,,,,,,,,,,,,,,,,,,,,,,,,,,,,,,,,,,,,,,
wpn_t9_mp5_inspect_part1,,,skye_ports\t9_mp5\foley\wpn_t9_mp5_inspect_part1.wav,,,wpn_t9_reload_plr,,,,,,,,,,,,,,,,,,,,,,,,,,,,,,,,,,,,,,,,,,,,,,,,,,,,,,,,,,,,,,,,,,,,,,,,,,,,,,,,,,,,,,,,,,,,,,,
wpn_t9_mp5_inspect_part2,,,skye_ports\t9_mp5\foley\wpn_t9_mp5_inspect_part2.wav,,,wpn_t9_reload_plr,,,,,,,,,,,,,,,,,,,,,,,,,,,,,,,,,,,,,,,,,,,,,,,,,,,,,,,,,,,,,,,,,,,,,,,,,,,,,,,,,,,,,,,,,,,,,,,
wpn_t9_mp5_inspect_part3,,,skye_ports\t9_mp5\foley\wpn_t9_mp5_inspect_part3.wav,,,wpn_t9_reload_plr,,,,,,,,,,,,,,,,,,,,,,,,,,,,,,,,,,,,,,,,,,,,,,,,,,,,,,,,,,,,,,,,,,,,,,,,,,,,,,,,,,,,,,,,,,,,,,,
wpn_t9_mp5_inspect_part4,,,skye_ports\t9_mp5\foley\wpn_t9_mp5_inspect_part4.wav,,,wpn_t9_reload_plr,,,,,,,,,,,,,,,,,,,,,,,,,,,,,,,,,,,,,,,,,,,,,,,,,,,,,,,,,,,,,,,,,,,,,,,,,,,,,,,,,,,,,,,,,,,,,,,
wpn_t9_mp5_mag_in,,,skye_ports\t9_mp5\foley\wpn_t9_mp5_mag_in.wav,,,wpn_t9_reload_plr,,,,,,,,,,,,,,,,,,,,,,,,,,,,,,,,,,,,,,,,,,,,,,,,,,,,,,,,,,,,,,,,,,,,,,,,,,,,,,,,,,,,,,,,,,,,,,,
wpn_t9_mp5_mag_out,,,skye_ports\t9_mp5\foley\wpn_t9_mp5_mag_out.wav,,,wpn_t9_reload_plr,,,,,,,,,,,,,,,,,,,,,,,,,,,,,,,,,,,,,,,,,,,,,,,,,,,,,,,,,,,,,,,,,,,,,,,,,,,,,,,,,,,,,,,,,,,,,,,
wpn_t9_mp5_mvmnt,,,skye_ports\t9_mp5\foley\wpn_t9_mp5_mvmnt.wav,,,wpn_t9_reload_plr,,,,,,,,,,,,,,,,,,,,,,,,,,,,,,,,,,,,,,,,,,,,,,,,,,,,,,,,,,,,,,,,,,,,,,,,,,,,,,,,,,,,,,,,,,,,,,,
wpn_t9_mp5_mvmnt2,,,skye_ports\t9_mp5\foley\wpn_t9_mp5_mvmnt2.wav,,,wpn_t9_reload_plr,,,,,,,,,,,,,,,,,,,,,,,,,,,,,,,,,,,,,,,,,,,,,,,,,,,,,,,,,,,,,,,,,,,,,,,,,,,,,,,,,,,,,,,,,,,,,,,
wpn_t9_mp5_mvmnt3,,,skye_ports\t9_mp5\foley\wpn_t9_mp5_mvmnt3.wav,,,wpn_t9_reload_plr,,,,,,,,,,,,,,,,,,,,,,,,,,,,,,,,,,,,,,,,,,,,,,,,,,,,,,,,,,,,,,,,,,,,,,,,,,,,,,,,,,,,,,,,,,,,,,,
wpn_t9_mp5_mvmnt4,,,skye_ports\t9_mp5\foley\wpn_t9_mp5_mvmnt4.wav,,,wpn_t9_reload_plr,,,,,,,,,,,,,,,,,,,,,,,,,,,,,,,,,,,,,,,,,,,,,,,,,,,,,,,,,,,,,,,,,,,,,,,,,,,,,,,,,,,,,,,,,,,,,,,
wpn_t9_stoner63_shot_plr,,,skye_ports\t9_stoner63\fire\wpn_t9_stoner63_shot1.wav,,,wpn_t9_shot_plr,,,,,,,,,,,,,,,,,,,,,,,,,,,,,,,,,,,,,,,,,,,,,,,,,,,,,,,,,,,,,,,,,,,,,,,,,,,,,,,,,,,,,,,,,,,,,,,
wpn_t9_stoner63_shot_plr,,,skye_ports\t9_stoner63\fire\wpn_t9_stoner63_shot2.wav,,,wpn_t9_shot_plr,,,,,,,,,,,,,,,,,,,,,,,,,,,,,,,,,,,,,,,,,,,,,,,,,,,,,,,,,,,,,,,,,,,,,,,,,,,,,,,,,,,,,,,,,,,,,,,
wpn_t9_stoner63_shot_plr,,,skye_ports\t9_stoner63\fire\wpn_t9_stoner63_shot3.wav,,,wpn_t9_shot_plr,,,,,,,,,,,,,,,,,,,,,,,,,,,,,,,,,,,,,,,,,,,,,,,,,,,,,,,,,,,,,,,,,,,,,,,,,,,,,,,,,,,,,,,,,,,,,,,
wpn_t9_stoner63_shot_plr,,,skye_ports\t9_stoner63\fire\wpn_t9_stoner63_shot4.wav,,,wpn_t9_shot_plr,,,,,,,,,,,,,,,,,,,,,,,,,,,,,,,,,,,,,,,,,,,,,,,,,,,,,,,,,,,,,,,,,,,,,,,,,,,,,,,,,,,,,,,,,,,,,,,
wpn_t9_stoner63_shot_plr,,,skye_ports\t9_stoner63\fire\wpn_t9_stoner63_shot5.wav,,,wpn_t9_shot_plr,,,,,,,,,,,,,,,,,,,,,,,,,,,,,,,,,,,,,,,,,,,,,,,,,,,,,,,,,,,,,,,,,,,,,,,,,,,,,,,,,,,,,,,,,,,,,,,
wpn_t9_stoner63_shot_plr,,,skye_ports\t9_stoner63\fire\wpn_t9_stoner63_shot6.wav,,,wpn_t9_shot_plr,,,,,,,,,,,,,,,,,,,,,,,,,,,,,,,,,,,,,,,,,,,,,,,,,,,,,,,,,,,,,,,,,,,,,,,,,,,,,,,,,,,,,,,,,,,,,,,
wpn_t9_stoner63_shot_npc,,,skye_ports\t9_stoner63\fire\wpn_t9_stoner63_shot1.wav,,,wpn_t9_shot_npc,,,,,,,,,,,,,,,,,,,,,,,,,,,,,,,,,,,,,,,,,,,,,,,,,,,,,,,,,,,,,,,,,,,,,,,,,,,,,,,,,,,,,,,,,,,,,,,
wpn_t9_stoner63_shot_npc,,,skye_ports\t9_stoner63\fire\wpn_t9_stoner63_shot2.wav,,,wpn_t9_shot_npc,,,,,,,,,,,,,,,,,,,,,,,,,,,,,,,,,,,,,,,,,,,,,,,,,,,,,,,,,,,,,,,,,,,,,,,,,,,,,,,,,,,,,,,,,,,,,,,
wpn_t9_stoner63_shot_npc,,,skye_ports\t9_stoner63\fire\wpn_t9_stoner63_shot3.wav,,,wpn_t9_shot_npc,,,,,,,,,,,,,,,,,,,,,,,,,,,,,,,,,,,,,,,,,,,,,,,,,,,,,,,,,,,,,,,,,,,,,,,,,,,,,,,,,,,,,,,,,,,,,,,
wpn_t9_stoner63_shot_npc,,,skye_ports\t9_stoner63\fire\wpn_t9_stoner63_shot4.wav,,,wpn_t9_shot_npc,,,,,,,,,,,,,,,,,,,,,,,,,,,,,,,,,,,,,,,,,,,,,,,,,,,,,,,,,,,,,,,,,,,,,,,,,,,,,,,,,,,,,,,,,,,,,,,
wpn_t9_stoner63_shot_npc,,,skye_ports\t9_stoner63\fire\wpn_t9_stoner63_shot5.wav,,,wpn_t9_shot_npc,,,,,,,,,,,,,,,,,,,,,,,,,,,,,,,,,,,,,,,,,,,,,,,,,,,,,,,,,,,,,,,,,,,,,,,,,,,,,,,,,,,,,,,,,,,,,,,
wpn_t9_stoner63_shot_npc,,,skye_ports\t9_stoner63\fire\wpn_t9_stoner63_shot6.wav,,,wpn_t9_shot_npc,,,,,,,,,,,,,,,,,,,,,,,,,,,,,,,,,,,,,,,,,,,,,,,,,,,,,,,,,,,,,,,,,,,,,,,,,,,,,,,,,,,,,,,,,,,,,,,
wpn_t9_stoner63_pap_shot_plr,,,skye_ports\t9_stoner63\fire\wpn_t9_stoner63_shot1.wav,,,wpn_t9_shot_plr,,wpn_t9_stoner63_pap_flux_plr,,,,,,,,,,,,,,,,,,,,,,,,,,,,,,,,,,,,,,,,,,,,,,,,,,,,,,,,,,,,,,,,,,,,,,,,,,,,,,,,,,,,,,,,,,,,,
wpn_t9_stoner63_pap_shot_plr,,,skye_ports\t9_stoner63\fire\wpn_t9_stoner63_shot2.wav,,,wpn_t9_shot_plr,,wpn_t9_stoner63_pap_flux_plr,,,,,,,,,,,,,,,,,,,,,,,,,,,,,,,,,,,,,,,,,,,,,,,,,,,,,,,,,,,,,,,,,,,,,,,,,,,,,,,,,,,,,,,,,,,,,
wpn_t9_stoner63_pap_shot_plr,,,skye_ports\t9_stoner63\fire\wpn_t9_stoner63_shot3.wav,,,wpn_t9_shot_plr,,wpn_t9_stoner63_pap_flux_plr,,,,,,,,,,,,,,,,,,,,,,,,,,,,,,,,,,,,,,,,,,,,,,,,,,,,,,,,,,,,,,,,,,,,,,,,,,,,,,,,,,,,,,,,,,,,,
wpn_t9_stoner63_pap_shot_plr,,,skye_ports\t9_stoner63\fire\wpn_t9_stoner63_shot4.wav,,,wpn_t9_shot_plr,,wpn_t9_stoner63_pap_flux_plr,,,,,,,,,,,,,,,,,,,,,,,,,,,,,,,,,,,,,,,,,,,,,,,,,,,,,,,,,,,,,,,,,,,,,,,,,,,,,,,,,,,,,,,,,,,,,
wpn_t9_stoner63_pap_shot_plr,,,skye_ports\t9_stoner63\fire\wpn_t9_stoner63_shot5.wav,,,wpn_t9_shot_plr,,wpn_t9_stoner63_pap_flux_plr,,,,,,,,,,,,,,,,,,,,,,,,,,,,,,,,,,,,,,,,,,,,,,,,,,,,,,,,,,,,,,,,,,,,,,,,,,,,,,,,,,,,,,,,,,,,,
wpn_t9_stoner63_pap_shot_plr,,,skye_ports\t9_stoner63\fire\wpn_t9_stoner63_shot6.wav,,,wpn_t9_shot_plr,,wpn_t9_stoner63_pap_flux_plr,,,,,,,,,,,,,,,,,,,,,,,,,,,,,,,,,,,,,,,,,,,,,,,,,,,,,,,,,,,,,,,,,,,,,,,,,,,,,,,,,,,,,,,,,,,,,
wpn_t9_stoner63_pap_shot_npc,,,skye_ports\t9_stoner63\fire\wpn_t9_stoner63_shot1.wav,,,wpn_t9_shot_npc,,wpn_t9_stoner63_pap_flux_npc,,,,,,,,,,,,,,,,,,,,,,,,,,,,,,,,,,,,,,,,,,,,,,,,,,,,,,,,,,,,,,,,,,,,,,,,,,,,,,,,,,,,,,,,,,,,,
wpn_t9_stoner63_pap_shot_npc,,,skye_ports\t9_stoner63\fire\wpn_t9_stoner63_shot2.wav,,,wpn_t9_shot_npc,,wpn_t9_stoner63_pap_flux_npc,,,,,,,,,,,,,,,,,,,,,,,,,,,,,,,,,,,,,,,,,,,,,,,,,,,,,,,,,,,,,,,,,,,,,,,,,,,,,,,,,,,,,,,,,,,,,
wpn_t9_stoner63_pap_shot_npc,,,skye_ports\t9_stoner63\fire\wpn_t9_stoner63_shot3.wav,,,wpn_t9_shot_npc,,wpn_t9_stoner63_pap_flux_npc,,,,,,,,,,,,,,,,,,,,,,,,,,,,,,,,,,,,,,,,,,,,,,,,,,,,,,,,,,,,,,,,,,,,,,,,,,,,,,,,,,,,,,,,,,,,,
wpn_t9_stoner63_pap_shot_npc,,,skye_ports\t9_stoner63\fire\wpn_t9_stoner63_shot4.wav,,,wpn_t9_shot_npc,,wpn_t9_stoner63_pap_flux_npc,,,,,,,,,,,,,,,,,,,,,,,,,,,,,,,,,,,,,,,,,,,,,,,,,,,,,,,,,,,,,,,,,,,,,,,,,,,,,,,,,,,,,,,,,,,,,
wpn_t9_stoner63_pap_shot_npc,,,skye_ports\t9_stoner63\fire\wpn_t9_stoner63_shot5.wav,,,wpn_t9_shot_npc,,wpn_t9_stoner63_pap_flux_npc,,,,,,,,,,,,,,,,,,,,,,,,,,,,,,,,,,,,,,,,,,,,,,,,,,,,,,,,,,,,,,,,,,,,,,,,,,,,,,,,,,,,,,,,,,,,,
wpn_t9_stoner63_pap_shot_npc,,,skye_ports\t9_stoner63\fire\wpn_t9_stoner63_shot6.wav,,,wpn_t9_shot_npc,,wpn_t9_stoner63_pap_flux_npc,,,,,,,,,,,,,,,,,,,,,,,,,,,,,,,,,,,,,,,,,,,,,,,,,,,,,,,,,,,,,,,,,,,,,,,,,,,,,,,,,,,,,,,,,,,,,
wpn_t9_stoner63_mech_plr,,,skye_ports\t9_stoner63\fire\wpn_t9_stoner63_mech1.wav,,,wpn_t9_shot_plr,,wpn_t9_stoner63_sub_plr,,,,,,,,,,,,,,,,,,,,,,,,,,,,,,,,,,,,,,,,,,,,,,,,,,,,,,,,,,,,,,,,,,,,,,,,,,,,,,,,,,,,,,,,,,,,,
wpn_t9_stoner63_mech_plr,,,skye_ports\t9_stoner63\fire\wpn_t9_stoner63_mech2.wav,,,wpn_t9_shot_plr,,wpn_t9_stoner63_sub_plr,,,,,,,,,,,,,,,,,,,,,,,,,,,,,,,,,,,,,,,,,,,,,,,,,,,,,,,,,,,,,,,,,,,,,,,,,,,,,,,,,,,,,,,,,,,,,
wpn_t9_stoner63_mech_plr,,,skye_ports\t9_stoner63\fire\wpn_t9_stoner63_mech3.wav,,,wpn_t9_shot_plr,,wpn_t9_stoner63_sub_plr,,,,,,,,,,,,,,,,,,,,,,,,,,,,,,,,,,,,,,,,,,,,,,,,,,,,,,,,,,,,,,,,,,,,,,,,,,,,,,,,,,,,,,,,,,,,,
wpn_t9_stoner63_mech_plr,,,skye_ports\t9_stoner63\fire\wpn_t9_stoner63_mech4.wav,,,wpn_t9_shot_plr,,wpn_t9_stoner63_sub_plr,,,,,,,,,,,,,,,,,,,,,,,,,,,,,,,,,,,,,,,,,,,,,,,,,,,,,,,,,,,,,,,,,,,,,,,,,,,,,,,,,,,,,,,,,,,,,
wpn_t9_stoner63_mech_plr,,,skye_ports\t9_stoner63\fire\wpn_t9_stoner63_mech5.wav,,,wpn_t9_shot_plr,,wpn_t9_stoner63_sub_plr,,,,,,,,,,,,,,,,,,,,,,,,,,,,,,,,,,,,,,,,,,,,,,,,,,,,,,,,,,,,,,,,,,,,,,,,,,,,,,,,,,,,,,,,,,,,,
wpn_t9_stoner63_mech_plr,,,skye_ports\t9_stoner63\fire\wpn_t9_stoner63_mech6.wav,,,wpn_t9_shot_plr,,wpn_t9_stoner63_sub_plr,,,,,,,,,,,,,,,,,,,,,,,,,,,,,,,,,,,,,,,,,,,,,,,,,,,,,,,,,,,,,,,,,,,,,,,,,,,,,,,,,,,,,,,,,,,,,
wpn_t9_stoner63_mech_npc,,,skye_ports\t9_stoner63\fire\wpn_t9_stoner63_mech1.wav,,,wpn_t9_shot_npc,,wpn_t9_stoner63_sub_npc,,,,,,,,,,,,,,,,,,,,,,,,,,,,,,,,,,,,,,,,,,,,,,,,,,,,,,,,,,,,,,,,,,,,,,,,,,,,,,,,,,,,,,,,,,,,,
wpn_t9_stoner63_mech_npc,,,skye_ports\t9_stoner63\fire\wpn_t9_stoner63_mech2.wav,,,wpn_t9_shot_npc,,wpn_t9_stoner63_sub_npc,,,,,,,,,,,,,,,,,,,,,,,,,,,,,,,,,,,,,,,,,,,,,,,,,,,,,,,,,,,,,,,,,,,,,,,,,,,,,,,,,,,,,,,,,,,,,
wpn_t9_stoner63_mech_npc,,,skye_ports\t9_stoner63\fire\wpn_t9_stoner63_mech3.wav,,,wpn_t9_shot_npc,,wpn_t9_stoner63_sub_npc,,,,,,,,,,,,,,,,,,,,,,,,,,,,,,,,,,,,,,,,,,,,,,,,,,,,,,,,,,,,,,,,,,,,,,,,,,,,,,,,,,,,,,,,,,,,,
wpn_t9_stoner63_mech_npc,,,skye_ports\t9_stoner63\fire\wpn_t9_stoner63_mech4.wav,,,wpn_t9_shot_npc,,wpn_t9_stoner63_sub_npc,,,,,,,,,,,,,,,,,,,,,,,,,,,,,,,,,,,,,,,,,,,,,,,,,,,,,,,,,,,,,,,,,,,,,,,,,,,,,,,,,,,,,,,,,,,,,
wpn_t9_stoner63_mech_npc,,,skye_ports\t9_stoner63\fire\wpn_t9_stoner63_mech5.wav,,,wpn_t9_shot_npc,,wpn_t9_stoner63_sub_npc,,,,,,,,,,,,,,,,,,,,,,,,,,,,,,,,,,,,,,,,,,,,,,,,,,,,,,,,,,,,,,,,,,,,,,,,,,,,,,,,,,,,,,,,,,,,,
wpn_t9_stoner63_mech_npc,,,skye_ports\t9_stoner63\fire\wpn_t9_stoner63_mech6.wav,,,wpn_t9_shot_npc,,wpn_t9_stoner63_sub_npc,,,,,,,,,,,,,,,,,,,,,,,,,,,,,,,,,,,,,,,,,,,,,,,,,,,,,,,,,,,,,,,,,,,,,,,,,,,,,,,,,,,,,,,,,,,,,
wpn_t9_stoner63_sub_plr,,,skye_ports\t9_stoner63\fire\wpn_t9_stoner63_sub.wav,,,wpn_t9_shot_plr,,wpn_t9_stoner63_tail_plr,,,,,,,,,,,,,,,,,,,,,,,,,,,,,,,,,,,,,,,,,,,,,,,,,,,,,,,,,,,,,,,,,,,,,,,,,,,,,,,,,,,,,,,,,,,,,
wpn_t9_stoner63_sub_npc,,,skye_ports\t9_stoner63\fire\wpn_t9_stoner63_sub.wav,,,wpn_t9_shot_npc,,wpn_t9_stoner63_tail_npc,,,,,,,,,,,,,,,,,,,,,,,,,,,,,,,,,,,,,,,,,,,,,,,,,,,,,,,,,,,,,,,,,,,,,,,,,,,,,,,,,,,,,,,,,,,,,
wpn_t9_stoner63_tail_plr,,,skye_ports\t9_common\reverb\exterior\ar\wpn_t9_reverb_ar1_ext1.wav,,,wpn_t9_reverb_ext_plr,,,,,,,,,,,,,,,,,,,,,,,,,,,,,,,,,,,,,,,,,,,,,,,,,,,,,,,,,,,,,,,,,,,,,,,,,,,,,,,,,,,,,,,,,,,,,,,
wpn_t9_stoner63_tail_plr,,,skye_ports\t9_common\reverb\exterior\ar\wpn_t9_reverb_ar1_ext2.wav,,,wpn_t9_reverb_ext_plr,,,,,,,,,,,,,,,,,,,,,,,,,,,,,,,,,,,,,,,,,,,,,,,,,,,,,,,,,,,,,,,,,,,,,,,,,,,,,,,,,,,,,,,,,,,,,,,
wpn_t9_stoner63_tail_plr,,,skye_ports\t9_common\reverb\exterior\ar\wpn_t9_reverb_ar1_ext3.wav,,,wpn_t9_reverb_ext_plr,,,,,,,,,,,,,,,,,,,,,,,,,,,,,,,,,,,,,,,,,,,,,,,,,,,,,,,,,,,,,,,,,,,,,,,,,,,,,,,,,,,,,,,,,,,,,,,
wpn_t9_stoner63_tail_plr,,,skye_ports\t9_common\reverb\exterior\ar\wpn_t9_reverb_ar1_ext4.wav,,,wpn_t9_reverb_ext_plr,,,,,,,,,,,,,,,,,,,,,,,,,,,,,,,,,,,,,,,,,,,,,,,,,,,,,,,,,,,,,,,,,,,,,,,,,,,,,,,,,,,,,,,,,,,,,,,
wpn_t9_stoner63_tail_plr,,,skye_ports\t9_common\reverb\exterior\ar\wpn_t9_reverb_ar1_ext5.wav,,,wpn_t9_reverb_ext_plr,,,,,,,,,,,,,,,,,,,,,,,,,,,,,,,,,,,,,,,,,,,,,,,,,,,,,,,,,,,,,,,,,,,,,,,,,,,,,,,,,,,,,,,,,,,,,,,
wpn_t9_stoner63_tail_plr,,,skye_ports\t9_common\reverb\exterior\ar\wpn_t9_reverb_ar1_ext6.wav,,,wpn_t9_reverb_ext_plr,,,,,,,,,,,,,,,,,,,,,,,,,,,,,,,,,,,,,,,,,,,,,,,,,,,,,,,,,,,,,,,,,,,,,,,,,,,,,,,,,,,,,,,,,,,,,,,
wpn_t9_stoner63_tail_npc,,,skye_ports\t9_common\reverb\exterior\ar\wpn_t9_reverb_ar1_ext1.wav,,,wpn_t9_reverb_ext_npc,,,,,,,,,,,,,,,,,,,,,,,,,,,,,,,,,,,,,,,,,,,,,,,,,,,,,,,,,,,,,,,,,,,,,,,,,,,,,,,,,,,,,,,,,,,,,,,
wpn_t9_stoner63_tail_npc,,,skye_ports\t9_common\reverb\exterior\ar\wpn_t9_reverb_ar1_ext2.wav,,,wpn_t9_reverb_ext_npc,,,,,,,,,,,,,,,,,,,,,,,,,,,,,,,,,,,,,,,,,,,,,,,,,,,,,,,,,,,,,,,,,,,,,,,,,,,,,,,,,,,,,,,,,,,,,,,
wpn_t9_stoner63_tail_npc,,,skye_ports\t9_common\reverb\exterior\ar\wpn_t9_reverb_ar1_ext3.wav,,,wpn_t9_reverb_ext_npc,,,,,,,,,,,,,,,,,,,,,,,,,,,,,,,,,,,,,,,,,,,,,,,,,,,,,,,,,,,,,,,,,,,,,,,,,,,,,,,,,,,,,,,,,,,,,,,
wpn_t9_stoner63_tail_npc,,,skye_ports\t9_common\reverb\exterior\ar\wpn_t9_reverb_ar1_ext4.wav,,,wpn_t9_reverb_ext_npc,,,,,,,,,,,,,,,,,,,,,,,,,,,,,,,,,,,,,,,,,,,,,,,,,,,,,,,,,,,,,,,,,,,,,,,,,,,,,,,,,,,,,,,,,,,,,,,
wpn_t9_stoner63_tail_npc,,,skye_ports\t9_common\reverb\exterior\ar\wpn_t9_reverb_ar1_ext5.wav,,,wpn_t9_reverb_ext_npc,,,,,,,,,,,,,,,,,,,,,,,,,,,,,,,,,,,,,,,,,,,,,,,,,,,,,,,,,,,,,,,,,,,,,,,,,,,,,,,,,,,,,,,,,,,,,,,
wpn_t9_stoner63_tail_npc,,,skye_ports\t9_common\reverb\exterior\ar\wpn_t9_reverb_ar1_ext6.wav,,,wpn_t9_reverb_ext_npc,,,,,,,,,,,,,,,,,,,,,,,,,,,,,,,,,,,,,,,,,,,,,,,,,,,,,,,,,,,,,,,,,,,,,,,,,,,,,,,,,,,,,,,,,,,,,,,
wpn_t9_stoner63_tail_plr,,,skye_ports\t9_common\reverb\interior\ar\wpn_t9_reverb_ar_int1.wav,,,wpn_t9_reverb_int_plr,,,,,,,,,,,,,,,,,,,,,,,,,,,,,,,,,,,,,,,,,,,,,,,,,,,,,,,,,,,,,,,,,,,,,,,,,,,,,,,,,,,,,,,,,,,,,,,
wpn_t9_stoner63_tail_plr,,,skye_ports\t9_common\reverb\interior\ar\wpn_t9_reverb_ar_int2.wav,,,wpn_t9_reverb_int_plr,,,,,,,,,,,,,,,,,,,,,,,,,,,,,,,,,,,,,,,,,,,,,,,,,,,,,,,,,,,,,,,,,,,,,,,,,,,,,,,,,,,,,,,,,,,,,,,
wpn_t9_stoner63_tail_plr,,,skye_ports\t9_common\reverb\interior\ar\wpn_t9_reverb_ar_int3.wav,,,wpn_t9_reverb_int_plr,,,,,,,,,,,,,,,,,,,,,,,,,,,,,,,,,,,,,,,,,,,,,,,,,,,,,,,,,,,,,,,,,,,,,,,,,,,,,,,,,,,,,,,,,,,,,,,
wpn_t9_stoner63_tail_plr,,,skye_ports\t9_common\reverb\interior\ar\wpn_t9_reverb_ar_int4.wav,,,wpn_t9_reverb_int_plr,,,,,,,,,,,,,,,,,,,,,,,,,,,,,,,,,,,,,,,,,,,,,,,,,,,,,,,,,,,,,,,,,,,,,,,,,,,,,,,,,,,,,,,,,,,,,,,
wpn_t9_stoner63_tail_npc,,,skye_ports\t9_common\reverb\interior\ar\wpn_t9_reverb_ar_int1.wav,,,wpn_t9_reverb_int_npc,,,,,,,,,,,,,,,,,,,,,,,,,,,,,,,,,,,,,,,,,,,,,,,,,,,,,,,,,,,,,,,,,,,,,,,,,,,,,,,,,,,,,,,,,,,,,,,
wpn_t9_stoner63_tail_npc,,,skye_ports\t9_common\reverb\interior\ar\wpn_t9_reverb_ar_int2.wav,,,wpn_t9_reverb_int_npc,,,,,,,,,,,,,,,,,,,,,,,,,,,,,,,,,,,,,,,,,,,,,,,,,,,,,,,,,,,,,,,,,,,,,,,,,,,,,,,,,,,,,,,,,,,,,,,
wpn_t9_stoner63_tail_npc,,,skye_ports\t9_common\reverb\interior\ar\wpn_t9_reverb_ar_int3.wav,,,wpn_t9_reverb_int_npc,,,,,,,,,,,,,,,,,,,,,,,,,,,,,,,,,,,,,,,,,,,,,,,,,,,,,,,,,,,,,,,,,,,,,,,,,,,,,,,,,,,,,,,,,,,,,,,
wpn_t9_stoner63_tail_npc,,,skye_ports\t9_common\reverb\interior\ar\wpn_t9_reverb_ar_int4.wav,,,wpn_t9_reverb_int_npc,,,,,,,,,,,,,,,,,,,,,,,,,,,,,,,,,,,,,,,,,,,,,,,,,,,,,,,,,,,,,,,,,,,,,,,,,,,,,,,,,,,,,,,,,,,,,,,
wpn_t9_stoner63_pap_flux_plr,,,skye_ports\t9_stoner63\fire\wpn_t9_stoner63_pap_flux.wav,,,wpn_t9_pap_shot_plr,,,,,,,,,,,,,,,,,,,,,,,,,,,,,,,,,,,,,,,,,,,,,,,,,,,,,,,,,,,,,,,,,,,,,,,,,,,,,,,,,,,,,,,,,,,,,,,
wpn_t9_stoner63_pap_flux_npc,,,skye_ports\t9_stoner63\fire\wpn_t9_stoner63_pap_flux.wav,,,wpn_t9_pap_shot_npc,,,,,,,,,,,,,,,,,,,,,,,,,,,,,,,,,,,,,,,,,,,,,,,,,,,,,,,,,,,,,,,,,,,,,,,,,,,,,,,,,,,,,,,,,,,,,,,
wpn_t9_stoner63_bolt_back,,,skye_ports\t9_stoner63\foley\wpn_t9_stoner63_bolt_back.wav,,,wpn_t9_reload_plr,,,,,,,,,,,,,,,,,,,,,,,,,,,,,,,,,,,,,,,,,,,,,,,,,,,,,,,,,,,,,,,,,,,,,,,,,,,,,,,,,,,,,,,,,,,,,,,
wpn_t9_stoner63_bolt_forward,,,skye_ports\t9_stoner63\foley\wpn_t9_stoner63_bolt_forward.wav,,,wpn_t9_reload_plr,,,,,,,,,,,,,,,,,,,,,,,,,,,,,,,,,,,,,,,,,,,,,,,,,,,,,,,,,,,,,,,,,,,,,,,,,,,,,,,,,,,,,,,,,,,,,,,
wpn_t9_stoner63_close,,,skye_ports\t9_stoner63\foley\wpn_t9_stoner63_close.wav,,,wpn_t9_reload_plr,,,,,,,,,,,,,,,,,,,,,,,,,,,,,,,,,,,,,,,,,,,,,,,,,,,,,,,,,,,,,,,,,,,,,,,,,,,,,,,,,,,,,,,,,,,,,,,
wpn_t9_stoner63_end,,,skye_ports\t9_stoner63\foley\wpn_t9_stoner63_end.wav,,,wpn_t9_reload_plr,,,,,,,,,,,,,,,,,,,,,,,,,,,,,,,,,,,,,,,,,,,,,,,,,,,,,,,,,,,,,,,,,,,,,,,,,,,,,,,,,,,,,,,,,,,,,,,
wpn_t9_stoner63_feed_cover_close,,,skye_ports\t9_stoner63\foley\wpn_t9_stoner63_feed_cover_close.wav,,,wpn_t9_reload_plr,,,,,,,,,,,,,,,,,,,,,,,,,,,,,,,,,,,,,,,,,,,,,,,,,,,,,,,,,,,,,,,,,,,,,,,,,,,,,,,,,,,,,,,,,,,,,,,
wpn_t9_stoner63_feed_cover_open,,,skye_ports\t9_stoner63\foley\wpn_t9_stoner63_feed_cover_open.wav,,,wpn_t9_reload_plr,,,,,,,,,,,,,,,,,,,,,,,,,,,,,,,,,,,,,,,,,,,,,,,,,,,,,,,,,,,,,,,,,,,,,,,,,,,,,,,,,,,,,,,,,,,,,,,
wpn_t9_stoner63_first_raise_start,,,skye_ports\t9_stoner63\foley\wpn_t9_stoner63_first_raise_start.wav,,,wpn_t9_reload_plr,,,,,,,,,,,,,,,,,,,,,,,,,,,,,,,,,,,,,,,,,,,,,,,,,,,,,,,,,,,,,,,,,,,,,,,,,,,,,,,,,,,,,,,,,,,,,,,
wpn_t9_stoner63_inspect_part1,,,skye_ports\t9_stoner63\foley\wpn_t9_stoner63_inspect_part1.wav,,,wpn_t9_reload_plr,,,,,,,,,,,,,,,,,,,,,,,,,,,,,,,,,,,,,,,,,,,,,,,,,,,,,,,,,,,,,,,,,,,,,,,,,,,,,,,,,,,,,,,,,,,,,,,
wpn_t9_stoner63_inspect_part2,,,skye_ports\t9_stoner63\foley\wpn_t9_stoner63_inspect_part2.wav,,,wpn_t9_reload_plr,,,,,,,,,,,,,,,,,,,,,,,,,,,,,,,,,,,,,,,,,,,,,,,,,,,,,,,,,,,,,,,,,,,,,,,,,,,,,,,,,,,,,,,,,,,,,,,
wpn_t9_stoner63_inspect_part3,,,skye_ports\t9_stoner63\foley\wpn_t9_stoner63_inspect_part3.wav,,,wpn_t9_reload_plr,,,,,,,,,,,,,,,,,,,,,,,,,,,,,,,,,,,,,,,,,,,,,,,,,,,,,,,,,,,,,,,,,,,,,,,,,,,,,,,,,,,,,,,,,,,,,,,
wpn_t9_stoner63_inspect_part4,,,skye_ports\t9_stoner63\foley\wpn_t9_stoner63_inspect_part4.wav,,,wpn_t9_reload_plr,,,,,,,,,,,,,,,,,,,,,,,,,,,,,,,,,,,,,,,,,,,,,,,,,,,,,,,,,,,,,,,,,,,,,,,,,,,,,,,,,,,,,,,,,,,,,,,
wpn_t9_stoner63_inspect_part5,,,skye_ports\t9_stoner63\foley\wpn_t9_stoner63_inspect_part5.wav,,,wpn_t9_reload_plr,,,,,,,,,,,,,,,,,,,,,,,,,,,,,,,,,,,,,,,,,,,,,,,,,,,,,,,,,,,,,,,,,,,,,,,,,,,,,,,,,,,,,,,,,,,,,,,
wpn_t9_stoner63_mag_off,,,skye_ports\t9_stoner63\foley\wpn_t9_stoner63_mag_off.wav,,,wpn_t9_reload_plr,,,,,,,,,,,,,,,,,,,,,,,,,,,,,,,,,,,,,,,,,,,,,,,,,,,,,,,,,,,,,,,,,,,,,,,,,,,,,,,,,,,,,,,,,,,,,,,
wpn_t9_stoner63_mag_on,,,skye_ports\t9_stoner63\foley\wpn_t9_stoner63_mag_on.wav,,,wpn_t9_reload_plr,,,,,,,,,,,,,,,,,,,,,,,,,,,,,,,,,,,,,,,,,,,,,,,,,,,,,,,,,,,,,,,,,,,,,,,,,,,,,,,,,,,,,,,,,,,,,,,
wpn_t9_stoner63_open,,,skye_ports\t9_stoner63\foley\wpn_t9_stoner63_open.wav,,,wpn_t9_reload_plr,,,,,,,,,,,,,,,,,,,,,,,,,,,,,,,,,,,,,,,,,,,,,,,,,,,,,,,,,,,,,,,,,,,,,,,,,,,,,,,,,,,,,,,,,,,,,,,
wpn_t9_mac10_shot_plr,,,skye_ports\t9_mac10\fire\wpn_t9_mac10_shot1.wav,,,wpn_t9_shot_plr,,wpn_t9_mac10_trig_pull_plr,,,,,,,,,,,,,,,,,,,,,,,,,,,,,,,,,,,,,,,,,,,,,,,,,,,,,,,,,,,,,,,,,,,,,,,,,,,,,,,,,,,,,,,,,,,,,
wpn_t9_mac10_shot_plr,,,skye_ports\t9_mac10\fire\wpn_t9_mac10_shot2.wav,,,wpn_t9_shot_plr,,wpn_t9_mac10_trig_pull_plr,,,,,,,,,,,,,,,,,,,,,,,,,,,,,,,,,,,,,,,,,,,,,,,,,,,,,,,,,,,,,,,,,,,,,,,,,,,,,,,,,,,,,,,,,,,,,
wpn_t9_mac10_shot_plr,,,skye_ports\t9_mac10\fire\wpn_t9_mac10_shot3.wav,,,wpn_t9_shot_plr,,wpn_t9_mac10_trig_pull_plr,,,,,,,,,,,,,,,,,,,,,,,,,,,,,,,,,,,,,,,,,,,,,,,,,,,,,,,,,,,,,,,,,,,,,,,,,,,,,,,,,,,,,,,,,,,,,
wpn_t9_mac10_shot_plr,,,skye_ports\t9_mac10\fire\wpn_t9_mac10_shot4.wav,,,wpn_t9_shot_plr,,wpn_t9_mac10_trig_pull_plr,,,,,,,,,,,,,,,,,,,,,,,,,,,,,,,,,,,,,,,,,,,,,,,,,,,,,,,,,,,,,,,,,,,,,,,,,,,,,,,,,,,,,,,,,,,,,
wpn_t9_mac10_shot_plr,,,skye_ports\t9_mac10\fire\wpn_t9_mac10_shot5.wav,,,wpn_t9_shot_plr,,wpn_t9_mac10_trig_pull_plr,,,,,,,,,,,,,,,,,,,,,,,,,,,,,,,,,,,,,,,,,,,,,,,,,,,,,,,,,,,,,,,,,,,,,,,,,,,,,,,,,,,,,,,,,,,,,
wpn_t9_mac10_shot_plr,,,skye_ports\t9_mac10\fire\wpn_t9_mac10_shot6.wav,,,wpn_t9_shot_plr,,wpn_t9_mac10_trig_pull_plr,,,,,,,,,,,,,,,,,,,,,,,,,,,,,,,,,,,,,,,,,,,,,,,,,,,,,,,,,,,,,,,,,,,,,,,,,,,,,,,,,,,,,,,,,,,,,
wpn_t9_mac10_shot_npc,,,skye_ports\t9_mac10\fire\wpn_t9_mac10_shot1.wav,,,wpn_t9_shot_npc,,wpn_t9_mac10_trig_pull_npc,,,,,,,,,,,,,,,,,,,,,,,,,,,,,,,,,,,,,,,,,,,,,,,,,,,,,,,,,,,,,,,,,,,,,,,,,,,,,,,,,,,,,,,,,,,,,
wpn_t9_mac10_shot_npc,,,skye_ports\t9_mac10\fire\wpn_t9_mac10_shot2.wav,,,wpn_t9_shot_npc,,wpn_t9_mac10_trig_pull_npc,,,,,,,,,,,,,,,,,,,,,,,,,,,,,,,,,,,,,,,,,,,,,,,,,,,,,,,,,,,,,,,,,,,,,,,,,,,,,,,,,,,,,,,,,,,,,
wpn_t9_mac10_shot_npc,,,skye_ports\t9_mac10\fire\wpn_t9_mac10_shot3.wav,,,wpn_t9_shot_npc,,wpn_t9_mac10_trig_pull_npc,,,,,,,,,,,,,,,,,,,,,,,,,,,,,,,,,,,,,,,,,,,,,,,,,,,,,,,,,,,,,,,,,,,,,,,,,,,,,,,,,,,,,,,,,,,,,
wpn_t9_mac10_shot_npc,,,skye_ports\t9_mac10\fire\wpn_t9_mac10_shot4.wav,,,wpn_t9_shot_npc,,wpn_t9_mac10_trig_pull_npc,,,,,,,,,,,,,,,,,,,,,,,,,,,,,,,,,,,,,,,,,,,,,,,,,,,,,,,,,,,,,,,,,,,,,,,,,,,,,,,,,,,,,,,,,,,,,
wpn_t9_mac10_shot_npc,,,skye_ports\t9_mac10\fire\wpn_t9_mac10_shot5.wav,,,wpn_t9_shot_npc,,wpn_t9_mac10_trig_pull_npc,,,,,,,,,,,,,,,,,,,,,,,,,,,,,,,,,,,,,,,,,,,,,,,,,,,,,,,,,,,,,,,,,,,,,,,,,,,,,,,,,,,,,,,,,,,,,
wpn_t9_mac10_shot_npc,,,skye_ports\t9_mac10\fire\wpn_t9_mac10_shot6.wav,,,wpn_t9_shot_npc,,wpn_t9_mac10_trig_pull_npc,,,,,,,,,,,,,,,,,,,,,,,,,,,,,,,,,,,,,,,,,,,,,,,,,,,,,,,,,,,,,,,,,,,,,,,,,,,,,,,,,,,,,,,,,,,,,
wpn_t9_mac10_pap_shot_plr,,,skye_ports\t9_mac10\fire\wpn_t9_mac10_shot1.wav,,,wpn_t9_shot_plr,,wpn_t9_mac10_pap_flux_plr,,,,,,,,,,,,,,,,,,,,,,,,,,,,,,,,,,,,,,,,,,,,,,,,,,,,,,,,,,,,,,,,,,,,,,,,,,,,,,,,,,,,,,,,,,,,,
wpn_t9_mac10_pap_shot_plr,,,skye_ports\t9_mac10\fire\wpn_t9_mac10_shot2.wav,,,wpn_t9_shot_plr,,wpn_t9_mac10_pap_flux_plr,,,,,,,,,,,,,,,,,,,,,,,,,,,,,,,,,,,,,,,,,,,,,,,,,,,,,,,,,,,,,,,,,,,,,,,,,,,,,,,,,,,,,,,,,,,,,
wpn_t9_mac10_pap_shot_plr,,,skye_ports\t9_mac10\fire\wpn_t9_mac10_shot3.wav,,,wpn_t9_shot_plr,,wpn_t9_mac10_pap_flux_plr,,,,,,,,,,,,,,,,,,,,,,,,,,,,,,,,,,,,,,,,,,,,,,,,,,,,,,,,,,,,,,,,,,,,,,,,,,,,,,,,,,,,,,,,,,,,,
wpn_t9_mac10_pap_shot_plr,,,skye_ports\t9_mac10\fire\wpn_t9_mac10_shot4.wav,,,wpn_t9_shot_plr,,wpn_t9_mac10_pap_flux_plr,,,,,,,,,,,,,,,,,,,,,,,,,,,,,,,,,,,,,,,,,,,,,,,,,,,,,,,,,,,,,,,,,,,,,,,,,,,,,,,,,,,,,,,,,,,,,
wpn_t9_mac10_pap_shot_plr,,,skye_ports\t9_mac10\fire\wpn_t9_mac10_shot5.wav,,,wpn_t9_shot_plr,,wpn_t9_mac10_pap_flux_plr,,,,,,,,,,,,,,,,,,,,,,,,,,,,,,,,,,,,,,,,,,,,,,,,,,,,,,,,,,,,,,,,,,,,,,,,,,,,,,,,,,,,,,,,,,,,,
wpn_t9_mac10_pap_shot_plr,,,skye_ports\t9_mac10\fire\wpn_t9_mac10_shot6.wav,,,wpn_t9_shot_plr,,wpn_t9_mac10_pap_flux_plr,,,,,,,,,,,,,,,,,,,,,,,,,,,,,,,,,,,,,,,,,,,,,,,,,,,,,,,,,,,,,,,,,,,,,,,,,,,,,,,,,,,,,,,,,,,,,
wpn_t9_mac10_pap_shot_npc,,,skye_ports\t9_mac10\fire\wpn_t9_mac10_shot1.wav,,,wpn_t9_shot_npc,,wpn_t9_mac10_pap_flux_npc,,,,,,,,,,,,,,,,,,,,,,,,,,,,,,,,,,,,,,,,,,,,,,,,,,,,,,,,,,,,,,,,,,,,,,,,,,,,,,,,,,,,,,,,,,,,,
wpn_t9_mac10_pap_shot_npc,,,skye_ports\t9_mac10\fire\wpn_t9_mac10_shot2.wav,,,wpn_t9_shot_npc,,wpn_t9_mac10_pap_flux_npc,,,,,,,,,,,,,,,,,,,,,,,,,,,,,,,,,,,,,,,,,,,,,,,,,,,,,,,,,,,,,,,,,,,,,,,,,,,,,,,,,,,,,,,,,,,,,
wpn_t9_mac10_pap_shot_npc,,,skye_ports\t9_mac10\fire\wpn_t9_mac10_shot3.wav,,,wpn_t9_shot_npc,,wpn_t9_mac10_pap_flux_npc,,,,,,,,,,,,,,,,,,,,,,,,,,,,,,,,,,,,,,,,,,,,,,,,,,,,,,,,,,,,,,,,,,,,,,,,,,,,,,,,,,,,,,,,,,,,,
wpn_t9_mac10_pap_shot_npc,,,skye_ports\t9_mac10\fire\wpn_t9_mac10_shot4.wav,,,wpn_t9_shot_npc,,wpn_t9_mac10_pap_flux_npc,,,,,,,,,,,,,,,,,,,,,,,,,,,,,,,,,,,,,,,,,,,,,,,,,,,,,,,,,,,,,,,,,,,,,,,,,,,,,,,,,,,,,,,,,,,,,
wpn_t9_mac10_pap_shot_npc,,,skye_ports\t9_mac10\fire\wpn_t9_mac10_shot5.wav,,,wpn_t9_shot_npc,,wpn_t9_mac10_pap_flux_npc,,,,,,,,,,,,,,,,,,,,,,,,,,,,,,,,,,,,,,,,,,,,,,,,,,,,,,,,,,,,,,,,,,,,,,,,,,,,,,,,,,,,,,,,,,,,,
wpn_t9_mac10_pap_shot_npc,,,skye_ports\t9_mac10\fire\wpn_t9_mac10_shot6.wav,,,wpn_t9_shot_npc,,wpn_t9_mac10_pap_flux_npc,,,,,,,,,,,,,,,,,,,,,,,,,,,,,,,,,,,,,,,,,,,,,,,,,,,,,,,,,,,,,,,,,,,,,,,,,,,,,,,,,,,,,,,,,,,,,
wpn_t9_mac10_trig_pull_plr,,,skye_ports\t9_mac10\fire\wpn_t9_mac10_trig_pull1.wav,,,wpn_t9_shot_plr,,wpn_t9_mac10_mech_plr,,,,,,,,,,,,,,,,,,,,,,,,,,,,,,,,,,,,,,,,,,,,,,,,,,,,,,,,,,,,,,,,,,,,,,,,,,,,,,,,,,,,,,,,,,,,,
wpn_t9_mac10_trig_pull_plr,,,skye_ports\t9_mac10\fire\wpn_t9_mac10_trig_pull2.wav,,,wpn_t9_shot_plr,,wpn_t9_mac10_mech_plr,,,,,,,,,,,,,,,,,,,,,,,,,,,,,,,,,,,,,,,,,,,,,,,,,,,,,,,,,,,,,,,,,,,,,,,,,,,,,,,,,,,,,,,,,,,,,
wpn_t9_mac10_trig_pull_plr,,,skye_ports\t9_mac10\fire\wpn_t9_mac10_trig_pull3.wav,,,wpn_t9_shot_plr,,wpn_t9_mac10_mech_plr,,,,,,,,,,,,,,,,,,,,,,,,,,,,,,,,,,,,,,,,,,,,,,,,,,,,,,,,,,,,,,,,,,,,,,,,,,,,,,,,,,,,,,,,,,,,,
wpn_t9_mac10_trig_pull_plr,,,skye_ports\t9_mac10\fire\wpn_t9_mac10_trig_pull4.wav,,,wpn_t9_shot_plr,,wpn_t9_mac10_mech_plr,,,,,,,,,,,,,,,,,,,,,,,,,,,,,,,,,,,,,,,,,,,,,,,,,,,,,,,,,,,,,,,,,,,,,,,,,,,,,,,,,,,,,,,,,,,,,
wpn_t9_mac10_trig_pull_plr,,,skye_ports\t9_mac10\fire\wpn_t9_mac10_trig_pull5.wav,,,wpn_t9_shot_plr,,wpn_t9_mac10_mech_plr,,,,,,,,,,,,,,,,,,,,,,,,,,,,,,,,,,,,,,,,,,,,,,,,,,,,,,,,,,,,,,,,,,,,,,,,,,,,,,,,,,,,,,,,,,,,,
wpn_t9_mac10_trig_pull_plr,,,skye_ports\t9_mac10\fire\wpn_t9_mac10_trig_pull6.wav,,,wpn_t9_shot_plr,,wpn_t9_mac10_mech_plr,,,,,,,,,,,,,,,,,,,,,,,,,,,,,,,,,,,,,,,,,,,,,,,,,,,,,,,,,,,,,,,,,,,,,,,,,,,,,,,,,,,,,,,,,,,,,
wpn_t9_mac10_trig_pull_npc,,,skye_ports\t9_mac10\fire\wpn_t9_mac10_trig_pull1.wav,,,wpn_t9_shot_npc,,wpn_t9_mac10_mech_npc,,,,,,,,,,,,,,,,,,,,,,,,,,,,,,,,,,,,,,,,,,,,,,,,,,,,,,,,,,,,,,,,,,,,,,,,,,,,,,,,,,,,,,,,,,,,,
wpn_t9_mac10_trig_pull_npc,,,skye_ports\t9_mac10\fire\wpn_t9_mac10_trig_pull2.wav,,,wpn_t9_shot_npc,,wpn_t9_mac10_mech_npc,,,,,,,,,,,,,,,,,,,,,,,,,,,,,,,,,,,,,,,,,,,,,,,,,,,,,,,,,,,,,,,,,,,,,,,,,,,,,,,,,,,,,,,,,,,,,
wpn_t9_mac10_trig_pull_npc,,,skye_ports\t9_mac10\fire\wpn_t9_mac10_trig_pull3.wav,,,wpn_t9_shot_npc,,wpn_t9_mac10_mech_npc,,,,,,,,,,,,,,,,,,,,,,,,,,,,,,,,,,,,,,,,,,,,,,,,,,,,,,,,,,,,,,,,,,,,,,,,,,,,,,,,,,,,,,,,,,,,,
wpn_t9_mac10_trig_pull_npc,,,skye_ports\t9_mac10\fire\wpn_t9_mac10_trig_pull4.wav,,,wpn_t9_shot_npc,,wpn_t9_mac10_mech_npc,,,,,,,,,,,,,,,,,,,,,,,,,,,,,,,,,,,,,,,,,,,,,,,,,,,,,,,,,,,,,,,,,,,,,,,,,,,,,,,,,,,,,,,,,,,,,
wpn_t9_mac10_trig_pull_npc,,,skye_ports\t9_mac10\fire\wpn_t9_mac10_trig_pull5.wav,,,wpn_t9_shot_npc,,wpn_t9_mac10_mech_npc,,,,,,,,,,,,,,,,,,,,,,,,,,,,,,,,,,,,,,,,,,,,,,,,,,,,,,,,,,,,,,,,,,,,,,,,,,,,,,,,,,,,,,,,,,,,,
wpn_t9_mac10_trig_pull_npc,,,skye_ports\t9_mac10\fire\wpn_t9_mac10_trig_pull6.wav,,,wpn_t9_shot_npc,,wpn_t9_mac10_mech_npc,,,,,,,,,,,,,,,,,,,,,,,,,,,,,,,,,,,,,,,,,,,,,,,,,,,,,,,,,,,,,,,,,,,,,,,,,,,,,,,,,,,,,,,,,,,,,
wpn_t9_mac10_mech_plr,,,skye_ports\t9_mac10\fire\wpn_t9_mac10_mech1.wav,,,wpn_t9_shot_plr,,wpn_t9_mac10_sub_plr,,,,,,,,,,,,,,,,,,,,,,,,,,,,,,,,,,,,,,,,,,,,,,,,,,,,,,,,,,,,,,,,,,,,,,,,,,,,,,,,,,,,,,,,,,,,,
wpn_t9_mac10_mech_plr,,,skye_ports\t9_mac10\fire\wpn_t9_mac10_mech2.wav,,,wpn_t9_shot_plr,,wpn_t9_mac10_sub_plr,,,,,,,,,,,,,,,,,,,,,,,,,,,,,,,,,,,,,,,,,,,,,,,,,,,,,,,,,,,,,,,,,,,,,,,,,,,,,,,,,,,,,,,,,,,,,
wpn_t9_mac10_mech_plr,,,skye_ports\t9_mac10\fire\wpn_t9_mac10_mech3.wav,,,wpn_t9_shot_plr,,wpn_t9_mac10_sub_plr,,,,,,,,,,,,,,,,,,,,,,,,,,,,,,,,,,,,,,,,,,,,,,,,,,,,,,,,,,,,,,,,,,,,,,,,,,,,,,,,,,,,,,,,,,,,,
wpn_t9_mac10_mech_plr,,,skye_ports\t9_mac10\fire\wpn_t9_mac10_mech4.wav,,,wpn_t9_shot_plr,,wpn_t9_mac10_sub_plr,,,,,,,,,,,,,,,,,,,,,,,,,,,,,,,,,,,,,,,,,,,,,,,,,,,,,,,,,,,,,,,,,,,,,,,,,,,,,,,,,,,,,,,,,,,,,
wpn_t9_mac10_mech_plr,,,skye_ports\t9_mac10\fire\wpn_t9_mac10_mech5.wav,,,wpn_t9_shot_plr,,wpn_t9_mac10_sub_plr,,,,,,,,,,,,,,,,,,,,,,,,,,,,,,,,,,,,,,,,,,,,,,,,,,,,,,,,,,,,,,,,,,,,,,,,,,,,,,,,,,,,,,,,,,,,,
wpn_t9_mac10_mech_plr,,,skye_ports\t9_mac10\fire\wpn_t9_mac10_mech6.wav,,,wpn_t9_shot_plr,,wpn_t9_mac10_sub_plr,,,,,,,,,,,,,,,,,,,,,,,,,,,,,,,,,,,,,,,,,,,,,,,,,,,,,,,,,,,,,,,,,,,,,,,,,,,,,,,,,,,,,,,,,,,,,
wpn_t9_mac10_mech_npc,,,skye_ports\t9_mac10\fire\wpn_t9_mac10_mech1.wav,,,wpn_t9_shot_npc,,wpn_t9_mac10_sub_npc,,,,,,,,,,,,,,,,,,,,,,,,,,,,,,,,,,,,,,,,,,,,,,,,,,,,,,,,,,,,,,,,,,,,,,,,,,,,,,,,,,,,,,,,,,,,,
wpn_t9_mac10_mech_npc,,,skye_ports\t9_mac10\fire\wpn_t9_mac10_mech2.wav,,,wpn_t9_shot_npc,,wpn_t9_mac10_sub_npc,,,,,,,,,,,,,,,,,,,,,,,,,,,,,,,,,,,,,,,,,,,,,,,,,,,,,,,,,,,,,,,,,,,,,,,,,,,,,,,,,,,,,,,,,,,,,
wpn_t9_mac10_mech_npc,,,skye_ports\t9_mac10\fire\wpn_t9_mac10_mech3.wav,,,wpn_t9_shot_npc,,wpn_t9_mac10_sub_npc,,,,,,,,,,,,,,,,,,,,,,,,,,,,,,,,,,,,,,,,,,,,,,,,,,,,,,,,,,,,,,,,,,,,,,,,,,,,,,,,,,,,,,,,,,,,,
wpn_t9_mac10_mech_npc,,,skye_ports\t9_mac10\fire\wpn_t9_mac10_mech4.wav,,,wpn_t9_shot_npc,,wpn_t9_mac10_sub_npc,,,,,,,,,,,,,,,,,,,,,,,,,,,,,,,,,,,,,,,,,,,,,,,,,,,,,,,,,,,,,,,,,,,,,,,,,,,,,,,,,,,,,,,,,,,,,
wpn_t9_mac10_mech_npc,,,skye_ports\t9_mac10\fire\wpn_t9_mac10_mech5.wav,,,wpn_t9_shot_npc,,wpn_t9_mac10_sub_npc,,,,,,,,,,,,,,,,,,,,,,,,,,,,,,,,,,,,,,,,,,,,,,,,,,,,,,,,,,,,,,,,,,,,,,,,,,,,,,,,,,,,,,,,,,,,,
wpn_t9_mac10_mech_npc,,,skye_ports\t9_mac10\fire\wpn_t9_mac10_mech6.wav,,,wpn_t9_shot_npc,,wpn_t9_mac10_sub_npc,,,,,,,,,,,,,,,,,,,,,,,,,,,,,,,,,,,,,,,,,,,,,,,,,,,,,,,,,,,,,,,,,,,,,,,,,,,,,,,,,,,,,,,,,,,,,
wpn_t9_mac10_sub_plr,,,skye_ports\t9_mac10\fire\wpn_t9_mac10_sub.wav,,,wpn_t9_shot_plr,,wpn_t9_mac10_tail_plr,,,,,,,,,,,,,,,,,,,,,,,,,,,,,,,,,,,,,,,,,,,,,,,,,,,,,,,,,,,,,,,,,,,,,,,,,,,,,,,,,,,,,,,,,,,,,
wpn_t9_mac10_sub_npc,,,skye_ports\t9_mac10\fire\wpn_t9_mac10_sub.wav,,,wpn_t9_shot_npc,,wpn_t9_mac10_tail_npc,,,,,,,,,,,,,,,,,,,,,,,,,,,,,,,,,,,,,,,,,,,,,,,,,,,,,,,,,,,,,,,,,,,,,,,,,,,,,,,,,,,,,,,,,,,,,
wpn_t9_mac10_tail_plr,,,skye_ports\t9_common\reverb\exterior\ar\wpn_t9_reverb_ar1_ext1.wav,,,wpn_t9_reverb_ext_plr,,,,,,,,,,,,,,,,,,,,,,,,,,,,,,,,,,,,,,,,,,,,,,,,,,,,,,,,,,,,,,,,,,,,,,,,,,,,,,,,,,,,,,,,,,,,,,,
wpn_t9_mac10_tail_plr,,,skye_ports\t9_common\reverb\exterior\ar\wpn_t9_reverb_ar1_ext2.wav,,,wpn_t9_reverb_ext_plr,,,,,,,,,,,,,,,,,,,,,,,,,,,,,,,,,,,,,,,,,,,,,,,,,,,,,,,,,,,,,,,,,,,,,,,,,,,,,,,,,,,,,,,,,,,,,,,
wpn_t9_mac10_tail_plr,,,skye_ports\t9_common\reverb\exterior\ar\wpn_t9_reverb_ar1_ext3.wav,,,wpn_t9_reverb_ext_plr,,,,,,,,,,,,,,,,,,,,,,,,,,,,,,,,,,,,,,,,,,,,,,,,,,,,,,,,,,,,,,,,,,,,,,,,,,,,,,,,,,,,,,,,,,,,,,,
wpn_t9_mac10_tail_plr,,,skye_ports\t9_common\reverb\exterior\ar\wpn_t9_reverb_ar1_ext4.wav,,,wpn_t9_reverb_ext_plr,,,,,,,,,,,,,,,,,,,,,,,,,,,,,,,,,,,,,,,,,,,,,,,,,,,,,,,,,,,,,,,,,,,,,,,,,,,,,,,,,,,,,,,,,,,,,,,
wpn_t9_mac10_tail_plr,,,skye_ports\t9_common\reverb\exterior\ar\wpn_t9_reverb_ar1_ext5.wav,,,wpn_t9_reverb_ext_plr,,,,,,,,,,,,,,,,,,,,,,,,,,,,,,,,,,,,,,,,,,,,,,,,,,,,,,,,,,,,,,,,,,,,,,,,,,,,,,,,,,,,,,,,,,,,,,,
wpn_t9_mac10_tail_plr,,,skye_ports\t9_common\reverb\exterior\ar\wpn_t9_reverb_ar1_ext6.wav,,,wpn_t9_reverb_ext_plr,,,,,,,,,,,,,,,,,,,,,,,,,,,,,,,,,,,,,,,,,,,,,,,,,,,,,,,,,,,,,,,,,,,,,,,,,,,,,,,,,,,,,,,,,,,,,,,
wpn_t9_mac10_tail_npc,,,skye_ports\t9_common\reverb\exterior\ar\wpn_t9_reverb_ar1_ext1.wav,,,wpn_t9_reverb_ext_npc,,,,,,,,,,,,,,,,,,,,,,,,,,,,,,,,,,,,,,,,,,,,,,,,,,,,,,,,,,,,,,,,,,,,,,,,,,,,,,,,,,,,,,,,,,,,,,,
wpn_t9_mac10_tail_npc,,,skye_ports\t9_common\reverb\exterior\ar\wpn_t9_reverb_ar1_ext2.wav,,,wpn_t9_reverb_ext_npc,,,,,,,,,,,,,,,,,,,,,,,,,,,,,,,,,,,,,,,,,,,,,,,,,,,,,,,,,,,,,,,,,,,,,,,,,,,,,,,,,,,,,,,,,,,,,,,
wpn_t9_mac10_tail_npc,,,skye_ports\t9_common\reverb\exterior\ar\wpn_t9_reverb_ar1_ext3.wav,,,wpn_t9_reverb_ext_npc,,,,,,,,,,,,,,,,,,,,,,,,,,,,,,,,,,,,,,,,,,,,,,,,,,,,,,,,,,,,,,,,,,,,,,,,,,,,,,,,,,,,,,,,,,,,,,,
wpn_t9_mac10_tail_npc,,,skye_ports\t9_common\reverb\exterior\ar\wpn_t9_reverb_ar1_ext4.wav,,,wpn_t9_reverb_ext_npc,,,,,,,,,,,,,,,,,,,,,,,,,,,,,,,,,,,,,,,,,,,,,,,,,,,,,,,,,,,,,,,,,,,,,,,,,,,,,,,,,,,,,,,,,,,,,,,
wpn_t9_mac10_tail_npc,,,skye_ports\t9_common\reverb\exterior\ar\wpn_t9_reverb_ar1_ext5.wav,,,wpn_t9_reverb_ext_npc,,,,,,,,,,,,,,,,,,,,,,,,,,,,,,,,,,,,,,,,,,,,,,,,,,,,,,,,,,,,,,,,,,,,,,,,,,,,,,,,,,,,,,,,,,,,,,,
wpn_t9_mac10_tail_npc,,,skye_ports\t9_common\reverb\exterior\ar\wpn_t9_reverb_ar1_ext6.wav,,,wpn_t9_reverb_ext_npc,,,,,,,,,,,,,,,,,,,,,,,,,,,,,,,,,,,,,,,,,,,,,,,,,,,,,,,,,,,,,,,,,,,,,,,,,,,,,,,,,,,,,,,,,,,,,,,
wpn_t9_mac10_tail_plr,,,skye_ports\t9_common\reverb\interior\ar\wpn_t9_reverb_ar_int1.wav,,,wpn_t9_reverb_int_plr,,,,,,,,,,,,,,,,,,,,,,,,,,,,,,,,,,,,,,,,,,,,,,,,,,,,,,,,,,,,,,,,,,,,,,,,,,,,,,,,,,,,,,,,,,,,,,,
wpn_t9_mac10_tail_plr,,,skye_ports\t9_common\reverb\interior\ar\wpn_t9_reverb_ar_int2.wav,,,wpn_t9_reverb_int_plr,,,,,,,,,,,,,,,,,,,,,,,,,,,,,,,,,,,,,,,,,,,,,,,,,,,,,,,,,,,,,,,,,,,,,,,,,,,,,,,,,,,,,,,,,,,,,,,
wpn_t9_mac10_tail_plr,,,skye_ports\t9_common\reverb\interior\ar\wpn_t9_reverb_ar_int3.wav,,,wpn_t9_reverb_int_plr,,,,,,,,,,,,,,,,,,,,,,,,,,,,,,,,,,,,,,,,,,,,,,,,,,,,,,,,,,,,,,,,,,,,,,,,,,,,,,,,,,,,,,,,,,,,,,,
wpn_t9_mac10_tail_plr,,,skye_ports\t9_common\reverb\interior\ar\wpn_t9_reverb_ar_int4.wav,,,wpn_t9_reverb_int_plr,,,,,,,,,,,,,,,,,,,,,,,,,,,,,,,,,,,,,,,,,,,,,,,,,,,,,,,,,,,,,,,,,,,,,,,,,,,,,,,,,,,,,,,,,,,,,,,
wpn_t9_mac10_tail_npc,,,skye_ports\t9_common\reverb\interior\ar\wpn_t9_reverb_ar_int1.wav,,,wpn_t9_reverb_int_npc,,,,,,,,,,,,,,,,,,,,,,,,,,,,,,,,,,,,,,,,,,,,,,,,,,,,,,,,,,,,,,,,,,,,,,,,,,,,,,,,,,,,,,,,,,,,,,,
wpn_t9_mac10_tail_npc,,,skye_ports\t9_common\reverb\interior\ar\wpn_t9_reverb_ar_int2.wav,,,wpn_t9_reverb_int_npc,,,,,,,,,,,,,,,,,,,,,,,,,,,,,,,,,,,,,,,,,,,,,,,,,,,,,,,,,,,,,,,,,,,,,,,,,,,,,,,,,,,,,,,,,,,,,,,
wpn_t9_mac10_tail_npc,,,skye_ports\t9_common\reverb\interior\ar\wpn_t9_reverb_ar_int3.wav,,,wpn_t9_reverb_int_npc,,,,,,,,,,,,,,,,,,,,,,,,,,,,,,,,,,,,,,,,,,,,,,,,,,,,,,,,,,,,,,,,,,,,,,,,,,,,,,,,,,,,,,,,,,,,,,,
wpn_t9_mac10_tail_npc,,,skye_ports\t9_common\reverb\interior\ar\wpn_t9_reverb_ar_int4.wav,,,wpn_t9_reverb_int_npc,,,,,,,,,,,,,,,,,,,,,,,,,,,,,,,,,,,,,,,,,,,,,,,,,,,,,,,,,,,,,,,,,,,,,,,,,,,,,,,,,,,,,,,,,,,,,,,
wpn_t9_mac10_pap_flux_plr,,,skye_ports\t9_mac10\fire\wpn_t9_mac10_pap_flux.wav,,,wpn_t9_pap_shot_plr,,wpn_t9_mac10_trig_pull_plr,,,,,,,,,,,,,,,,,,,,,,,,,,,,,,,,,,,,,,,,,,,,,,,,,,,,,,,,,,,,,,,,,,,,,,,,,,,,,,,,,,,,,,,,,,,,,
wpn_t9_mac10_pap_flux_npc,,,skye_ports\t9_mac10\fire\wpn_t9_mac10_pap_flux.wav,,,wpn_t9_pap_shot_npc,,wpn_t9_mac10_trig_pull_npc,,,,,,,,,,,,,,,,,,,,,,,,,,,,,,,,,,,,,,,,,,,,,,,,,,,,,,,,,,,,,,,,,,,,,,,,,,,,,,,,,,,,,,,,,,,,,
wpn_t9_mac10_bolt_back,,,skye_ports\t9_mac10\foley\wpn_t9_mac10_bolt_back.wav,,,wpn_t9_reload_plr,,,,,,,,,,,,,,,,,,,,,,,,,,,,,,,,,,,,,,,,,,,,,,,,,,,,,,,,,,,,,,,,,,,,,,,,,,,,,,,,,,,,,,,,,,,,,,,
wpn_t9_mac10_bolt_forward,,,skye_ports\t9_mac10\foley\wpn_t9_mac10_bolt_forward.wav,,,wpn_t9_reload_plr,,,,,,,,,,,,,,,,,,,,,,,,,,,,,,,,,,,,,,,,,,,,,,,,,,,,,,,,,,,,,,,,,,,,,,,,,,,,,,,,,,,,,,,,,,,,,,,
wpn_t9_mac10_first_raise_part1,,,skye_ports\t9_mac10\foley\wpn_t9_mac10_first_raise_part1.wav,,,wpn_t9_reload_plr,,,,,,,,,,,,,,,,,,,,,,,,,,,,,,,,,,,,,,,,,,,,,,,,,,,,,,,,,,,,,,,,,,,,,,,,,,,,,,,,,,,,,,,,,,,,,,,
wpn_t9_mac10_first_raise_part2,,,skye_ports\t9_mac10\foley\wpn_t9_mac10_first_raise_part2.wav,,,wpn_t9_reload_plr,,,,,,,,,,,,,,,,,,,,,,,,,,,,,,,,,,,,,,,,,,,,,,,,,,,,,,,,,,,,,,,,,,,,,,,,,,,,,,,,,,,,,,,,,,,,,,,
wpn_t9_mac10_first_raise_part3,,,skye_ports\t9_mac10\foley\wpn_t9_mac10_first_raise_part3.wav,,,wpn_t9_reload_plr,,,,,,,,,,,,,,,,,,,,,,,,,,,,,,,,,,,,,,,,,,,,,,,,,,,,,,,,,,,,,,,,,,,,,,,,,,,,,,,,,,,,,,,,,,,,,,,
wpn_t9_mac10_inspect_part1,,,skye_ports\t9_mac10\foley\wpn_t9_mac10_inspect_part1.wav,,,wpn_t9_reload_plr,,,,,,,,,,,,,,,,,,,,,,,,,,,,,,,,,,,,,,,,,,,,,,,,,,,,,,,,,,,,,,,,,,,,,,,,,,,,,,,,,,,,,,,,,,,,,,,
wpn_t9_mac10_inspect_part2,,,skye_ports\t9_mac10\foley\wpn_t9_mac10_inspect_part2.wav,,,wpn_t9_reload_plr,,,,,,,,,,,,,,,,,,,,,,,,,,,,,,,,,,,,,,,,,,,,,,,,,,,,,,,,,,,,,,,,,,,,,,,,,,,,,,,,,,,,,,,,,,,,,,,
wpn_t9_mac10_inspect_part3,,,skye_ports\t9_mac10\foley\wpn_t9_mac10_inspect_part3.wav,,,wpn_t9_reload_plr,,,,,,,,,,,,,,,,,,,,,,,,,,,,,,,,,,,,,,,,,,,,,,,,,,,,,,,,,,,,,,,,,,,,,,,,,,,,,,,,,,,,,,,,,,,,,,,
wpn_t9_mac10_inspect_part4,,,skye_ports\t9_mac10\foley\wpn_t9_mac10_inspect_part4.wav,,,wpn_t9_reload_plr,,,,,,,,,,,,,,,,,,,,,,,,,,,,,,,,,,,,,,,,,,,,,,,,,,,,,,,,,,,,,,,,,,,,,,,,,,,,,,,,,,,,,,,,,,,,,,,
wpn_t9_mac10_inspect_part5,,,skye_ports\t9_mac10\foley\wpn_t9_mac10_inspect_part5.wav,,,wpn_t9_reload_plr,,,,,,,,,,,,,,,,,,,,,,,,,,,,,,,,,,,,,,,,,,,,,,,,,,,,,,,,,,,,,,,,,,,,,,,,,,,,,,,,,,,,,,,,,,,,,,,
wpn_t9_mac10_mag_in,,,skye_ports\t9_mac10\foley\wpn_t9_mac10_mag_in.wav,,,wpn_t9_reload_plr,,,,,,,,,,,,,,,,,,,,,,,,,,,,,,,,,,,,,,,,,,,,,,,,,,,,,,,,,,,,,,,,,,,,,,,,,,,,,,,,,,,,,,,,,,,,,,,
wpn_t9_mac10_mag_out,,,skye_ports\t9_mac10\foley\wpn_t9_mac10_mag_out.wav,,,wpn_t9_reload_plr,,,,,,,,,,,,,,,,,,,,,,,,,,,,,,,,,,,,,,,,,,,,,,,,,,,,,,,,,,,,,,,,,,,,,,,,,,,,,,,,,,,,,,,,,,,,,,,
wpn_t9_ak47_shot_plr,,,skye_ports\t9_ak47\fire\wpn_t9_ak47_shot1.wav,,,wpn_t9_shot_plr,,wpn_t9_ak47_trig_pull_plr,,,,,,,,,,,,,,,,,,,,,,,,,,,,,,,,,,,,,,,,,,,,,,,,,,,,,,,,,,,,,,,,,,,,,,,,,,,,,,,,,,,,,,,,,,,,,
wpn_t9_ak47_shot_plr,,,skye_ports\t9_ak47\fire\wpn_t9_ak47_shot2.wav,,,wpn_t9_shot_plr,,wpn_t9_ak47_trig_pull_plr,,,,,,,,,,,,,,,,,,,,,,,,,,,,,,,,,,,,,,,,,,,,,,,,,,,,,,,,,,,,,,,,,,,,,,,,,,,,,,,,,,,,,,,,,,,,,
wpn_t9_ak47_shot_plr,,,skye_ports\t9_ak47\fire\wpn_t9_ak47_shot3.wav,,,wpn_t9_shot_plr,,wpn_t9_ak47_trig_pull_plr,,,,,,,,,,,,,,,,,,,,,,,,,,,,,,,,,,,,,,,,,,,,,,,,,,,,,,,,,,,,,,,,,,,,,,,,,,,,,,,,,,,,,,,,,,,,,
wpn_t9_ak47_shot_plr,,,skye_ports\t9_ak47\fire\wpn_t9_ak47_shot4.wav,,,wpn_t9_shot_plr,,wpn_t9_ak47_trig_pull_plr,,,,,,,,,,,,,,,,,,,,,,,,,,,,,,,,,,,,,,,,,,,,,,,,,,,,,,,,,,,,,,,,,,,,,,,,,,,,,,,,,,,,,,,,,,,,,
wpn_t9_ak47_shot_plr,,,skye_ports\t9_ak47\fire\wpn_t9_ak47_shot5.wav,,,wpn_t9_shot_plr,,wpn_t9_ak47_trig_pull_plr,,,,,,,,,,,,,,,,,,,,,,,,,,,,,,,,,,,,,,,,,,,,,,,,,,,,,,,,,,,,,,,,,,,,,,,,,,,,,,,,,,,,,,,,,,,,,
wpn_t9_ak47_shot_plr,,,skye_ports\t9_ak47\fire\wpn_t9_ak47_shot6.wav,,,wpn_t9_shot_plr,,wpn_t9_ak47_trig_pull_plr,,,,,,,,,,,,,,,,,,,,,,,,,,,,,,,,,,,,,,,,,,,,,,,,,,,,,,,,,,,,,,,,,,,,,,,,,,,,,,,,,,,,,,,,,,,,,
wpn_t9_ak47_shot_npc,,,skye_ports\t9_ak47\fire\wpn_t9_ak47_shot1.wav,,,wpn_t9_shot_npc,,wpn_t9_ak47_trig_pull_npc,,,,,,,,,,,,,,,,,,,,,,,,,,,,,,,,,,,,,,,,,,,,,,,,,,,,,,,,,,,,,,,,,,,,,,,,,,,,,,,,,,,,,,,,,,,,,
wpn_t9_ak47_shot_npc,,,skye_ports\t9_ak47\fire\wpn_t9_ak47_shot2.wav,,,wpn_t9_shot_npc,,wpn_t9_ak47_trig_pull_npc,,,,,,,,,,,,,,,,,,,,,,,,,,,,,,,,,,,,,,,,,,,,,,,,,,,,,,,,,,,,,,,,,,,,,,,,,,,,,,,,,,,,,,,,,,,,,
wpn_t9_ak47_shot_npc,,,skye_ports\t9_ak47\fire\wpn_t9_ak47_shot3.wav,,,wpn_t9_shot_npc,,wpn_t9_ak47_trig_pull_npc,,,,,,,,,,,,,,,,,,,,,,,,,,,,,,,,,,,,,,,,,,,,,,,,,,,,,,,,,,,,,,,,,,,,,,,,,,,,,,,,,,,,,,,,,,,,,
wpn_t9_ak47_shot_npc,,,skye_ports\t9_ak47\fire\wpn_t9_ak47_shot4.wav,,,wpn_t9_shot_npc,,wpn_t9_ak47_trig_pull_npc,,,,,,,,,,,,,,,,,,,,,,,,,,,,,,,,,,,,,,,,,,,,,,,,,,,,,,,,,,,,,,,,,,,,,,,,,,,,,,,,,,,,,,,,,,,,,
wpn_t9_ak47_shot_npc,,,skye_ports\t9_ak47\fire\wpn_t9_ak47_shot5.wav,,,wpn_t9_shot_npc,,wpn_t9_ak47_trig_pull_npc,,,,,,,,,,,,,,,,,,,,,,,,,,,,,,,,,,,,,,,,,,,,,,,,,,,,,,,,,,,,,,,,,,,,,,,,,,,,,,,,,,,,,,,,,,,,,
wpn_t9_ak47_shot_npc,,,skye_ports\t9_ak47\fire\wpn_t9_ak47_shot6.wav,,,wpn_t9_shot_npc,,wpn_t9_ak47_trig_pull_npc,,,,,,,,,,,,,,,,,,,,,,,,,,,,,,,,,,,,,,,,,,,,,,,,,,,,,,,,,,,,,,,,,,,,,,,,,,,,,,,,,,,,,,,,,,,,,
wpn_t9_ak47_pap_shot_plr,,,skye_ports\t9_ak47\fire\wpn_t9_ak47_shot1.wav,,,wpn_t9_shot_plr,,wpn_t9_ak47_pap_flux_plr,,,,,,,,,,,,,,,,,,,,,,,,,,,,,,,,,,,,,,,,,,,,,,,,,,,,,,,,,,,,,,,,,,,,,,,,,,,,,,,,,,,,,,,,,,,,,
wpn_t9_ak47_pap_shot_plr,,,skye_ports\t9_ak47\fire\wpn_t9_ak47_shot2.wav,,,wpn_t9_shot_plr,,wpn_t9_ak47_pap_flux_plr,,,,,,,,,,,,,,,,,,,,,,,,,,,,,,,,,,,,,,,,,,,,,,,,,,,,,,,,,,,,,,,,,,,,,,,,,,,,,,,,,,,,,,,,,,,,,
wpn_t9_ak47_pap_shot_plr,,,skye_ports\t9_ak47\fire\wpn_t9_ak47_shot3.wav,,,wpn_t9_shot_plr,,wpn_t9_ak47_pap_flux_plr,,,,,,,,,,,,,,,,,,,,,,,,,,,,,,,,,,,,,,,,,,,,,,,,,,,,,,,,,,,,,,,,,,,,,,,,,,,,,,,,,,,,,,,,,,,,,
wpn_t9_ak47_pap_shot_plr,,,skye_ports\t9_ak47\fire\wpn_t9_ak47_shot4.wav,,,wpn_t9_shot_plr,,wpn_t9_ak47_pap_flux_plr,,,,,,,,,,,,,,,,,,,,,,,,,,,,,,,,,,,,,,,,,,,,,,,,,,,,,,,,,,,,,,,,,,,,,,,,,,,,,,,,,,,,,,,,,,,,,
wpn_t9_ak47_pap_shot_plr,,,skye_ports\t9_ak47\fire\wpn_t9_ak47_shot5.wav,,,wpn_t9_shot_plr,,wpn_t9_ak47_pap_flux_plr,,,,,,,,,,,,,,,,,,,,,,,,,,,,,,,,,,,,,,,,,,,,,,,,,,,,,,,,,,,,,,,,,,,,,,,,,,,,,,,,,,,,,,,,,,,,,
wpn_t9_ak47_pap_shot_plr,,,skye_ports\t9_ak47\fire\wpn_t9_ak47_shot6.wav,,,wpn_t9_shot_plr,,wpn_t9_ak47_pap_flux_plr,,,,,,,,,,,,,,,,,,,,,,,,,,,,,,,,,,,,,,,,,,,,,,,,,,,,,,,,,,,,,,,,,,,,,,,,,,,,,,,,,,,,,,,,,,,,,
wpn_t9_ak47_pap_shot_npc,,,skye_ports\t9_ak47\fire\wpn_t9_ak47_shot1.wav,,,wpn_t9_shot_npc,,wpn_t9_ak47_pap_flux_npc,,,,,,,,,,,,,,,,,,,,,,,,,,,,,,,,,,,,,,,,,,,,,,,,,,,,,,,,,,,,,,,,,,,,,,,,,,,,,,,,,,,,,,,,,,,,,
wpn_t9_ak47_pap_shot_npc,,,skye_ports\t9_ak47\fire\wpn_t9_ak47_shot2.wav,,,wpn_t9_shot_npc,,wpn_t9_ak47_pap_flux_npc,,,,,,,,,,,,,,,,,,,,,,,,,,,,,,,,,,,,,,,,,,,,,,,,,,,,,,,,,,,,,,,,,,,,,,,,,,,,,,,,,,,,,,,,,,,,,
wpn_t9_ak47_pap_shot_npc,,,skye_ports\t9_ak47\fire\wpn_t9_ak47_shot3.wav,,,wpn_t9_shot_npc,,wpn_t9_ak47_pap_flux_npc,,,,,,,,,,,,,,,,,,,,,,,,,,,,,,,,,,,,,,,,,,,,,,,,,,,,,,,,,,,,,,,,,,,,,,,,,,,,,,,,,,,,,,,,,,,,,
wpn_t9_ak47_pap_shot_npc,,,skye_ports\t9_ak47\fire\wpn_t9_ak47_shot4.wav,,,wpn_t9_shot_npc,,wpn_t9_ak47_pap_flux_npc,,,,,,,,,,,,,,,,,,,,,,,,,,,,,,,,,,,,,,,,,,,,,,,,,,,,,,,,,,,,,,,,,,,,,,,,,,,,,,,,,,,,,,,,,,,,,
wpn_t9_ak47_pap_shot_npc,,,skye_ports\t9_ak47\fire\wpn_t9_ak47_shot5.wav,,,wpn_t9_shot_npc,,wpn_t9_ak47_pap_flux_npc,,,,,,,,,,,,,,,,,,,,,,,,,,,,,,,,,,,,,,,,,,,,,,,,,,,,,,,,,,,,,,,,,,,,,,,,,,,,,,,,,,,,,,,,,,,,,
wpn_t9_ak47_pap_shot_npc,,,skye_ports\t9_ak47\fire\wpn_t9_ak47_shot6.wav,,,wpn_t9_shot_npc,,wpn_t9_ak47_pap_flux_npc,,,,,,,,,,,,,,,,,,,,,,,,,,,,,,,,,,,,,,,,,,,,,,,,,,,,,,,,,,,,,,,,,,,,,,,,,,,,,,,,,,,,,,,,,,,,,
wpn_t9_ak47_trig_pull_plr,,,skye_ports\t9_ak47\fire\wpn_t9_ak47_trig_pull1.wav,,,wpn_t9_shot_plr,,wpn_t9_ak47_mech_plr,,,,,,,,,,,,,,,,,,,,,,,,,,,,,,,,,,,,,,,,,,,,,,,,,,,,,,,,,,,,,,,,,,,,,,,,,,,,,,,,,,,,,,,,,,,,,
wpn_t9_ak47_trig_pull_plr,,,skye_ports\t9_ak47\fire\wpn_t9_ak47_trig_pull2.wav,,,wpn_t9_shot_plr,,wpn_t9_ak47_mech_plr,,,,,,,,,,,,,,,,,,,,,,,,,,,,,,,,,,,,,,,,,,,,,,,,,,,,,,,,,,,,,,,,,,,,,,,,,,,,,,,,,,,,,,,,,,,,,
wpn_t9_ak47_trig_pull_plr,,,skye_ports\t9_ak47\fire\wpn_t9_ak47_trig_pull3.wav,,,wpn_t9_shot_plr,,wpn_t9_ak47_mech_plr,,,,,,,,,,,,,,,,,,,,,,,,,,,,,,,,,,,,,,,,,,,,,,,,,,,,,,,,,,,,,,,,,,,,,,,,,,,,,,,,,,,,,,,,,,,,,
wpn_t9_ak47_trig_pull_plr,,,skye_ports\t9_ak47\fire\wpn_t9_ak47_trig_pull4.wav,,,wpn_t9_shot_plr,,wpn_t9_ak47_mech_plr,,,,,,,,,,,,,,,,,,,,,,,,,,,,,,,,,,,,,,,,,,,,,,,,,,,,,,,,,,,,,,,,,,,,,,,,,,,,,,,,,,,,,,,,,,,,,
wpn_t9_ak47_trig_pull_plr,,,skye_ports\t9_ak47\fire\wpn_t9_ak47_trig_pull5.wav,,,wpn_t9_shot_plr,,wpn_t9_ak47_mech_plr,,,,,,,,,,,,,,,,,,,,,,,,,,,,,,,,,,,,,,,,,,,,,,,,,,,,,,,,,,,,,,,,,,,,,,,,,,,,,,,,,,,,,,,,,,,,,
wpn_t9_ak47_trig_pull_plr,,,skye_ports\t9_ak47\fire\wpn_t9_ak47_trig_pull6.wav,,,wpn_t9_shot_plr,,wpn_t9_ak47_mech_plr,,,,,,,,,,,,,,,,,,,,,,,,,,,,,,,,,,,,,,,,,,,,,,,,,,,,,,,,,,,,,,,,,,,,,,,,,,,,,,,,,,,,,,,,,,,,,
wpn_t9_ak47_trig_pull_npc,,,skye_ports\t9_ak47\fire\wpn_t9_ak47_trig_pull1.wav,,,wpn_t9_shot_npc,,wpn_t9_ak47_mech_npc,,,,,,,,,,,,,,,,,,,,,,,,,,,,,,,,,,,,,,,,,,,,,,,,,,,,,,,,,,,,,,,,,,,,,,,,,,,,,,,,,,,,,,,,,,,,,
wpn_t9_ak47_trig_pull_npc,,,skye_ports\t9_ak47\fire\wpn_t9_ak47_trig_pull2.wav,,,wpn_t9_shot_npc,,wpn_t9_ak47_mech_npc,,,,,,,,,,,,,,,,,,,,,,,,,,,,,,,,,,,,,,,,,,,,,,,,,,,,,,,,,,,,,,,,,,,,,,,,,,,,,,,,,,,,,,,,,,,,,
wpn_t9_ak47_trig_pull_npc,,,skye_ports\t9_ak47\fire\wpn_t9_ak47_trig_pull3.wav,,,wpn_t9_shot_npc,,wpn_t9_ak47_mech_npc,,,,,,,,,,,,,,,,,,,,,,,,,,,,,,,,,,,,,,,,,,,,,,,,,,,,,,,,,,,,,,,,,,,,,,,,,,,,,,,,,,,,,,,,,,,,,
wpn_t9_ak47_trig_pull_npc,,,skye_ports\t9_ak47\fire\wpn_t9_ak47_trig_pull4.wav,,,wpn_t9_shot_npc,,wpn_t9_ak47_mech_npc,,,,,,,,,,,,,,,,,,,,,,,,,,,,,,,,,,,,,,,,,,,,,,,,,,,,,,,,,,,,,,,,,,,,,,,,,,,,,,,,,,,,,,,,,,,,,
wpn_t9_ak47_trig_pull_npc,,,skye_ports\t9_ak47\fire\wpn_t9_ak47_trig_pull5.wav,,,wpn_t9_shot_npc,,wpn_t9_ak47_mech_npc,,,,,,,,,,,,,,,,,,,,,,,,,,,,,,,,,,,,,,,,,,,,,,,,,,,,,,,,,,,,,,,,,,,,,,,,,,,,,,,,,,,,,,,,,,,,,
wpn_t9_ak47_trig_pull_npc,,,skye_ports\t9_ak47\fire\wpn_t9_ak47_trig_pull6.wav,,,wpn_t9_shot_npc,,wpn_t9_ak47_mech_npc,,,,,,,,,,,,,,,,,,,,,,,,,,,,,,,,,,,,,,,,,,,,,,,,,,,,,,,,,,,,,,,,,,,,,,,,,,,,,,,,,,,,,,,,,,,,,
wpn_t9_ak47_mech_plr,,,skye_ports\t9_ak47\fire\wpn_t9_ak47_mech1.wav,,,wpn_t9_shot_plr,,wpn_t9_ak47_sub_plr,,,,,,,,,,,,,,,,,,,,,,,,,,,,,,,,,,,,,,,,,,,,,,,,,,,,,,,,,,,,,,,,,,,,,,,,,,,,,,,,,,,,,,,,,,,,,
wpn_t9_ak47_mech_plr,,,skye_ports\t9_ak47\fire\wpn_t9_ak47_mech2.wav,,,wpn_t9_shot_plr,,wpn_t9_ak47_sub_plr,,,,,,,,,,,,,,,,,,,,,,,,,,,,,,,,,,,,,,,,,,,,,,,,,,,,,,,,,,,,,,,,,,,,,,,,,,,,,,,,,,,,,,,,,,,,,
wpn_t9_ak47_mech_plr,,,skye_ports\t9_ak47\fire\wpn_t9_ak47_mech3.wav,,,wpn_t9_shot_plr,,wpn_t9_ak47_sub_plr,,,,,,,,,,,,,,,,,,,,,,,,,,,,,,,,,,,,,,,,,,,,,,,,,,,,,,,,,,,,,,,,,,,,,,,,,,,,,,,,,,,,,,,,,,,,,
wpn_t9_ak47_mech_plr,,,skye_ports\t9_ak47\fire\wpn_t9_ak47_mech4.wav,,,wpn_t9_shot_plr,,wpn_t9_ak47_sub_plr,,,,,,,,,,,,,,,,,,,,,,,,,,,,,,,,,,,,,,,,,,,,,,,,,,,,,,,,,,,,,,,,,,,,,,,,,,,,,,,,,,,,,,,,,,,,,
wpn_t9_ak47_mech_plr,,,skye_ports\t9_ak47\fire\wpn_t9_ak47_mech5.wav,,,wpn_t9_shot_plr,,wpn_t9_ak47_sub_plr,,,,,,,,,,,,,,,,,,,,,,,,,,,,,,,,,,,,,,,,,,,,,,,,,,,,,,,,,,,,,,,,,,,,,,,,,,,,,,,,,,,,,,,,,,,,,
wpn_t9_ak47_mech_plr,,,skye_ports\t9_ak47\fire\wpn_t9_ak47_mech6.wav,,,wpn_t9_shot_plr,,wpn_t9_ak47_sub_plr,,,,,,,,,,,,,,,,,,,,,,,,,,,,,,,,,,,,,,,,,,,,,,,,,,,,,,,,,,,,,,,,,,,,,,,,,,,,,,,,,,,,,,,,,,,,,
wpn_t9_ak47_mech_npc,,,skye_ports\t9_ak47\fire\wpn_t9_ak47_mech1.wav,,,wpn_t9_shot_npc,,wpn_t9_ak47_sub_npc,,,,,,,,,,,,,,,,,,,,,,,,,,,,,,,,,,,,,,,,,,,,,,,,,,,,,,,,,,,,,,,,,,,,,,,,,,,,,,,,,,,,,,,,,,,,,
wpn_t9_ak47_mech_npc,,,skye_ports\t9_ak47\fire\wpn_t9_ak47_mech2.wav,,,wpn_t9_shot_npc,,wpn_t9_ak47_sub_npc,,,,,,,,,,,,,,,,,,,,,,,,,,,,,,,,,,,,,,,,,,,,,,,,,,,,,,,,,,,,,,,,,,,,,,,,,,,,,,,,,,,,,,,,,,,,,
wpn_t9_ak47_mech_npc,,,skye_ports\t9_ak47\fire\wpn_t9_ak47_mech3.wav,,,wpn_t9_shot_npc,,wpn_t9_ak47_sub_npc,,,,,,,,,,,,,,,,,,,,,,,,,,,,,,,,,,,,,,,,,,,,,,,,,,,,,,,,,,,,,,,,,,,,,,,,,,,,,,,,,,,,,,,,,,,,,
wpn_t9_ak47_mech_npc,,,skye_ports\t9_ak47\fire\wpn_t9_ak47_mech4.wav,,,wpn_t9_shot_npc,,wpn_t9_ak47_sub_npc,,,,,,,,,,,,,,,,,,,,,,,,,,,,,,,,,,,,,,,,,,,,,,,,,,,,,,,,,,,,,,,,,,,,,,,,,,,,,,,,,,,,,,,,,,,,,
wpn_t9_ak47_mech_npc,,,skye_ports\t9_ak47\fire\wpn_t9_ak47_mech5.wav,,,wpn_t9_shot_npc,,wpn_t9_ak47_sub_npc,,,,,,,,,,,,,,,,,,,,,,,,,,,,,,,,,,,,,,,,,,,,,,,,,,,,,,,,,,,,,,,,,,,,,,,,,,,,,,,,,,,,,,,,,,,,,
wpn_t9_ak47_mech_npc,,,skye_ports\t9_ak47\fire\wpn_t9_ak47_mech6.wav,,,wpn_t9_shot_npc,,wpn_t9_ak47_sub_npc,,,,,,,,,,,,,,,,,,,,,,,,,,,,,,,,,,,,,,,,,,,,,,,,,,,,,,,,,,,,,,,,,,,,,,,,,,,,,,,,,,,,,,,,,,,,,
wpn_t9_ak47_sub_plr,,,skye_ports\t9_ak47\fire\wpn_t9_ak47_sub.wav,,,wpn_t9_shot_plr,,wpn_t9_ak47_tail_plr,,,,,,,,,,,,,,,,,,,,,,,,,,,,,,,,,,,,,,,,,,,,,,,,,,,,,,,,,,,,,,,,,,,,,,,,,,,,,,,,,,,,,,,,,,,,,
wpn_t9_ak47_sub_npc,,,skye_ports\t9_ak47\fire\wpn_t9_ak47_sub.wav,,,wpn_t9_shot_npc,,wpn_t9_ak47_tail_npc,,,,,,,,,,,,,,,,,,,,,,,,,,,,,,,,,,,,,,,,,,,,,,,,,,,,,,,,,,,,,,,,,,,,,,,,,,,,,,,,,,,,,,,,,,,,,
wpn_t9_ak47_tail_plr,,,skye_ports\t9_common\reverb\exterior\ar\wpn_t9_reverb_ar1_ext1.wav,,,wpn_t9_reverb_ext_plr,,,,,,,,,,,,,,,,,,,,,,,,,,,,,,,,,,,,,,,,,,,,,,,,,,,,,,,,,,,,,,,,,,,,,,,,,,,,,,,,,,,,,,,,,,,,,,,
wpn_t9_ak47_tail_plr,,,skye_ports\t9_common\reverb\exterior\ar\wpn_t9_reverb_ar1_ext2.wav,,,wpn_t9_reverb_ext_plr,,,,,,,,,,,,,,,,,,,,,,,,,,,,,,,,,,,,,,,,,,,,,,,,,,,,,,,,,,,,,,,,,,,,,,,,,,,,,,,,,,,,,,,,,,,,,,,
wpn_t9_ak47_tail_plr,,,skye_ports\t9_common\reverb\exterior\ar\wpn_t9_reverb_ar1_ext3.wav,,,wpn_t9_reverb_ext_plr,,,,,,,,,,,,,,,,,,,,,,,,,,,,,,,,,,,,,,,,,,,,,,,,,,,,,,,,,,,,,,,,,,,,,,,,,,,,,,,,,,,,,,,,,,,,,,,
wpn_t9_ak47_tail_plr,,,skye_ports\t9_common\reverb\exterior\ar\wpn_t9_reverb_ar1_ext4.wav,,,wpn_t9_reverb_ext_plr,,,,,,,,,,,,,,,,,,,,,,,,,,,,,,,,,,,,,,,,,,,,,,,,,,,,,,,,,,,,,,,,,,,,,,,,,,,,,,,,,,,,,,,,,,,,,,,
wpn_t9_ak47_tail_plr,,,skye_ports\t9_common\reverb\exterior\ar\wpn_t9_reverb_ar1_ext5.wav,,,wpn_t9_reverb_ext_plr,,,,,,,,,,,,,,,,,,,,,,,,,,,,,,,,,,,,,,,,,,,,,,,,,,,,,,,,,,,,,,,,,,,,,,,,,,,,,,,,,,,,,,,,,,,,,,,
wpn_t9_ak47_tail_plr,,,skye_ports\t9_common\reverb\exterior\ar\wpn_t9_reverb_ar1_ext6.wav,,,wpn_t9_reverb_ext_plr,,,,,,,,,,,,,,,,,,,,,,,,,,,,,,,,,,,,,,,,,,,,,,,,,,,,,,,,,,,,,,,,,,,,,,,,,,,,,,,,,,,,,,,,,,,,,,,
wpn_t9_ak47_tail_npc,,,skye_ports\t9_common\reverb\exterior\ar\wpn_t9_reverb_ar1_ext1.wav,,,wpn_t9_reverb_ext_npc,,,,,,,,,,,,,,,,,,,,,,,,,,,,,,,,,,,,,,,,,,,,,,,,,,,,,,,,,,,,,,,,,,,,,,,,,,,,,,,,,,,,,,,,,,,,,,,
wpn_t9_ak47_tail_npc,,,skye_ports\t9_common\reverb\exterior\ar\wpn_t9_reverb_ar1_ext2.wav,,,wpn_t9_reverb_ext_npc,,,,,,,,,,,,,,,,,,,,,,,,,,,,,,,,,,,,,,,,,,,,,,,,,,,,,,,,,,,,,,,,,,,,,,,,,,,,,,,,,,,,,,,,,,,,,,,
wpn_t9_ak47_tail_npc,,,skye_ports\t9_common\reverb\exterior\ar\wpn_t9_reverb_ar1_ext3.wav,,,wpn_t9_reverb_ext_npc,,,,,,,,,,,,,,,,,,,,,,,,,,,,,,,,,,,,,,,,,,,,,,,,,,,,,,,,,,,,,,,,,,,,,,,,,,,,,,,,,,,,,,,,,,,,,,,
wpn_t9_ak47_tail_npc,,,skye_ports\t9_common\reverb\exterior\ar\wpn_t9_reverb_ar1_ext4.wav,,,wpn_t9_reverb_ext_npc,,,,,,,,,,,,,,,,,,,,,,,,,,,,,,,,,,,,,,,,,,,,,,,,,,,,,,,,,,,,,,,,,,,,,,,,,,,,,,,,,,,,,,,,,,,,,,,
wpn_t9_ak47_tail_npc,,,skye_ports\t9_common\reverb\exterior\ar\wpn_t9_reverb_ar1_ext5.wav,,,wpn_t9_reverb_ext_npc,,,,,,,,,,,,,,,,,,,,,,,,,,,,,,,,,,,,,,,,,,,,,,,,,,,,,,,,,,,,,,,,,,,,,,,,,,,,,,,,,,,,,,,,,,,,,,,
wpn_t9_ak47_tail_npc,,,skye_ports\t9_common\reverb\exterior\ar\wpn_t9_reverb_ar1_ext6.wav,,,wpn_t9_reverb_ext_npc,,,,,,,,,,,,,,,,,,,,,,,,,,,,,,,,,,,,,,,,,,,,,,,,,,,,,,,,,,,,,,,,,,,,,,,,,,,,,,,,,,,,,,,,,,,,,,,
wpn_t9_ak47_tail_plr,,,skye_ports\t9_common\reverb\interior\ar\wpn_t9_reverb_ar_int1.wav,,,wpn_t9_reverb_int_plr,,,,,,,,,,,,,,,,,,,,,,,,,,,,,,,,,,,,,,,,,,,,,,,,,,,,,,,,,,,,,,,,,,,,,,,,,,,,,,,,,,,,,,,,,,,,,,,
wpn_t9_ak47_tail_plr,,,skye_ports\t9_common\reverb\interior\ar\wpn_t9_reverb_ar_int2.wav,,,wpn_t9_reverb_int_plr,,,,,,,,,,,,,,,,,,,,,,,,,,,,,,,,,,,,,,,,,,,,,,,,,,,,,,,,,,,,,,,,,,,,,,,,,,,,,,,,,,,,,,,,,,,,,,,
wpn_t9_ak47_tail_plr,,,skye_ports\t9_common\reverb\interior\ar\wpn_t9_reverb_ar_int3.wav,,,wpn_t9_reverb_int_plr,,,,,,,,,,,,,,,,,,,,,,,,,,,,,,,,,,,,,,,,,,,,,,,,,,,,,,,,,,,,,,,,,,,,,,,,,,,,,,,,,,,,,,,,,,,,,,,
wpn_t9_ak47_tail_plr,,,skye_ports\t9_common\reverb\interior\ar\wpn_t9_reverb_ar_int4.wav,,,wpn_t9_reverb_int_plr,,,,,,,,,,,,,,,,,,,,,,,,,,,,,,,,,,,,,,,,,,,,,,,,,,,,,,,,,,,,,,,,,,,,,,,,,,,,,,,,,,,,,,,,,,,,,,,
wpn_t9_ak47_tail_npc,,,skye_ports\t9_common\reverb\interior\ar\wpn_t9_reverb_ar_int1.wav,,,wpn_t9_reverb_int_npc,,,,,,,,,,,,,,,,,,,,,,,,,,,,,,,,,,,,,,,,,,,,,,,,,,,,,,,,,,,,,,,,,,,,,,,,,,,,,,,,,,,,,,,,,,,,,,,
wpn_t9_ak47_tail_npc,,,skye_ports\t9_common\reverb\interior\ar\wpn_t9_reverb_ar_int2.wav,,,wpn_t9_reverb_int_npc,,,,,,,,,,,,,,,,,,,,,,,,,,,,,,,,,,,,,,,,,,,,,,,,,,,,,,,,,,,,,,,,,,,,,,,,,,,,,,,,,,,,,,,,,,,,,,,
wpn_t9_ak47_tail_npc,,,skye_ports\t9_common\reverb\interior\ar\wpn_t9_reverb_ar_int3.wav,,,wpn_t9_reverb_int_npc,,,,,,,,,,,,,,,,,,,,,,,,,,,,,,,,,,,,,,,,,,,,,,,,,,,,,,,,,,,,,,,,,,,,,,,,,,,,,,,,,,,,,,,,,,,,,,,
wpn_t9_ak47_tail_npc,,,skye_ports\t9_common\reverb\interior\ar\wpn_t9_reverb_ar_int4.wav,,,wpn_t9_reverb_int_npc,,,,,,,,,,,,,,,,,,,,,,,,,,,,,,,,,,,,,,,,,,,,,,,,,,,,,,,,,,,,,,,,,,,,,,,,,,,,,,,,,,,,,,,,,,,,,,,
wpn_t9_ak47_pap_flux_plr,,,skye_ports\t9_ak47\fire\wpn_t9_ak47_pap_flux.wav,,,wpn_t9_pap_shot_plr,,wpn_t9_ak47_trig_pull_plr,,,,,,,,,,,,,,,,,,,,,,,,,,,,,,,,,,,,,,,,,,,,,,,,,,,,,,,,,,,,,,,,,,,,,,,,,,,,,,,,,,,,,,,,,,,,,
wpn_t9_ak47_pap_flux_npc,,,skye_ports\t9_ak47\fire\wpn_t9_ak47_pap_flux.wav,,,wpn_t9_pap_shot_npc,,wpn_t9_ak47_trig_pull_npc,,,,,,,,,,,,,,,,,,,,,,,,,,,,,,,,,,,,,,,,,,,,,,,,,,,,,,,,,,,,,,,,,,,,,,,,,,,,,,,,,,,,,,,,,,,,,
wpn_t9_ak47_bolt_back,,,skye_ports\t9_ak47\foley\wpn_t9_ak47_bolt_back.wav,,,wpn_t9_reload_plr,,,,,,,,,,,,,,,,,,,,,,,,,,,,,,,,,,,,,,,,,,,,,,,,,,,,,,,,,,,,,,,,,,,,,,,,,,,,,,,,,,,,,,,,,,,,,,,
wpn_t9_ak47_bolt_forward,,,skye_ports\t9_ak47\foley\wpn_t9_ak47_bolt_forward.wav,,,wpn_t9_reload_plr,,,,,,,,,,,,,,,,,,,,,,,,,,,,,,,,,,,,,,,,,,,,,,,,,,,,,,,,,,,,,,,,,,,,,,,,,,,,,,,,,,,,,,,,,,,,,,,
wpn_t9_ak47_empty_mag_in,,,skye_ports\t9_ak47\foley\wpn_t9_ak47_empty_mag_in.wav,,,wpn_t9_reload_plr,,,,,,,,,,,,,,,,,,,,,,,,,,,,,,,,,,,,,,,,,,,,,,,,,,,,,,,,,,,,,,,,,,,,,,,,,,,,,,,,,,,,,,,,,,,,,,,
wpn_t9_ak47_empty_mag_out,,,skye_ports\t9_ak47\foley\wpn_t9_ak47_empty_mag_out.wav,,,wpn_t9_reload_plr,,,,,,,,,,,,,,,,,,,,,,,,,,,,,,,,,,,,,,,,,,,,,,,,,,,,,,,,,,,,,,,,,,,,,,,,,,,,,,,,,,,,,,,,,,,,,,,
wpn_t9_ak47_empty_start,,,skye_ports\t9_ak47\foley\wpn_t9_ak47_empty_start.wav,,,wpn_t9_reload_plr,,,,,,,,,,,,,,,,,,,,,,,,,,,,,,,,,,,,,,,,,,,,,,,,,,,,,,,,,,,,,,,,,,,,,,,,,,,,,,,,,,,,,,,,,,,,,,,
wpn_t9_ak47_end,,,skye_ports\t9_ak47\foley\wpn_t9_ak47_end.wav,,,wpn_t9_reload_plr,,,,,,,,,,,,,,,,,,,,,,,,,,,,,,,,,,,,,,,,,,,,,,,,,,,,,,,,,,,,,,,,,,,,,,,,,,,,,,,,,,,,,,,,,,,,,,,
wpn_t9_ak47_first_raise_start,,,skye_ports\t9_ak47\foley\wpn_t9_ak47_first_raise_start.wav,,,wpn_t9_reload_plr,,,,,,,,,,,,,,,,,,,,,,,,,,,,,,,,,,,,,,,,,,,,,,,,,,,,,,,,,,,,,,,,,,,,,,,,,,,,,,,,,,,,,,,,,,,,,,,
wpn_t9_ak47_inspect_part1,,,skye_ports\t9_ak47\foley\wpn_t9_ak47_inspect_part1.wav,,,wpn_t9_reload_plr,,,,,,,,,,,,,,,,,,,,,,,,,,,,,,,,,,,,,,,,,,,,,,,,,,,,,,,,,,,,,,,,,,,,,,,,,,,,,,,,,,,,,,,,,,,,,,,
wpn_t9_ak47_inspect_part2,,,skye_ports\t9_ak47\foley\wpn_t9_ak47_inspect_part2.wav,,,wpn_t9_reload_plr,,,,,,,,,,,,,,,,,,,,,,,,,,,,,,,,,,,,,,,,,,,,,,,,,,,,,,,,,,,,,,,,,,,,,,,,,,,,,,,,,,,,,,,,,,,,,,,
wpn_t9_ak47_inspect_part3,,,skye_ports\t9_ak47\foley\wpn_t9_ak47_inspect_part3.wav,,,wpn_t9_reload_plr,,,,,,,,,,,,,,,,,,,,,,,,,,,,,,,,,,,,,,,,,,,,,,,,,,,,,,,,,,,,,,,,,,,,,,,,,,,,,,,,,,,,,,,,,,,,,,,
wpn_t9_ak47_inspect_part4,,,skye_ports\t9_ak47\foley\wpn_t9_ak47_inspect_part4.wav,,,wpn_t9_reload_plr,,,,,,,,,,,,,,,,,,,,,,,,,,,,,,,,,,,,,,,,,,,,,,,,,,,,,,,,,,,,,,,,,,,,,,,,,,,,,,,,,,,,,,,,,,,,,,,
wpn_t9_ak47_inspect_part5,,,skye_ports\t9_ak47\foley\wpn_t9_ak47_inspect_part5.wav,,,wpn_t9_reload_plr,,,,,,,,,,,,,,,,,,,,,,,,,,,,,,,,,,,,,,,,,,,,,,,,,,,,,,,,,,,,,,,,,,,,,,,,,,,,,,,,,,,,,,,,,,,,,,,
wpn_t9_ak47_inspect_part6,,,skye_ports\t9_ak47\foley\wpn_t9_ak47_inspect_part6.wav,,,wpn_t9_reload_plr,,,,,,,,,,,,,,,,,,,,,,,,,,,,,,,,,,,,,,,,,,,,,,,,,,,,,,,,,,,,,,,,,,,,,,,,,,,,,,,,,,,,,,,,,,,,,,,
wpn_t9_ak47_inspect_part7,,,skye_ports\t9_ak47\foley\wpn_t9_ak47_inspect_part7.wav,,,wpn_t9_reload_plr,,,,,,,,,,,,,,,,,,,,,,,,,,,,,,,,,,,,,,,,,,,,,,,,,,,,,,,,,,,,,,,,,,,,,,,,,,,,,,,,,,,,,,,,,,,,,,,
wpn_t9_ak47_mag_in,,,skye_ports\t9_ak47\foley\wpn_t9_ak47_mag_in.wav,,,wpn_t9_reload_plr,,,,,,,,,,,,,,,,,,,,,,,,,,,,,,,,,,,,,,,,,,,,,,,,,,,,,,,,,,,,,,,,,,,,,,,,,,,,,,,,,,,,,,,,,,,,,,,
wpn_t9_ak47_mag_out,,,skye_ports\t9_ak47\foley\wpn_t9_ak47_mag_out.wav,,,wpn_t9_reload_plr,,,,,,,,,,,,,,,,,,,,,,,,,,,,,,,,,,,,,,,,,,,,,,,,,,,,,,,,,,,,,,,,,,,,,,,,,,,,,,,,,,,,,,,,,,,,,,,
wpn_t9_ak47_start,,,skye_ports\t9_ak47\foley\wpn_t9_ak47_start.wav,,,wpn_t9_reload_plr,,,,,,,,,,,,,,,,,,,,,,,,,,,,,,,,,,,,,,,,,,,,,,,,,,,,,,,,,,,,,,,,,,,,,,,,,,,,,,,,,,,,,,,,,,,,,,,
wpn_t9_amp63_shot_plr,,,skye_ports\t9_amp63\fire\wpn_t9_amp63_shot1.wav,,,wpn_t9_shot_plr,,wpn_t9_amp63_trig_pull_plr,,,,,,,,,,,,,,,,,,,,,,,,,,,,,,,,,,,,,,,,,,,,,,,,,,,,,,,,,,,,,,,,,,,,,,,,,,,,,,,,,,,,,,,,,,,,,
wpn_t9_amp63_shot_plr,,,skye_ports\t9_amp63\fire\wpn_t9_amp63_shot2.wav,,,wpn_t9_shot_plr,,wpn_t9_amp63_trig_pull_plr,,,,,,,,,,,,,,,,,,,,,,,,,,,,,,,,,,,,,,,,,,,,,,,,,,,,,,,,,,,,,,,,,,,,,,,,,,,,,,,,,,,,,,,,,,,,,
wpn_t9_amp63_shot_plr,,,skye_ports\t9_amp63\fire\wpn_t9_amp63_shot3.wav,,,wpn_t9_shot_plr,,wpn_t9_amp63_trig_pull_plr,,,,,,,,,,,,,,,,,,,,,,,,,,,,,,,,,,,,,,,,,,,,,,,,,,,,,,,,,,,,,,,,,,,,,,,,,,,,,,,,,,,,,,,,,,,,,
wpn_t9_amp63_shot_plr,,,skye_ports\t9_amp63\fire\wpn_t9_amp63_shot4.wav,,,wpn_t9_shot_plr,,wpn_t9_amp63_trig_pull_plr,,,,,,,,,,,,,,,,,,,,,,,,,,,,,,,,,,,,,,,,,,,,,,,,,,,,,,,,,,,,,,,,,,,,,,,,,,,,,,,,,,,,,,,,,,,,,
wpn_t9_amp63_shot_plr,,,skye_ports\t9_amp63\fire\wpn_t9_amp63_shot5.wav,,,wpn_t9_shot_plr,,wpn_t9_amp63_trig_pull_plr,,,,,,,,,,,,,,,,,,,,,,,,,,,,,,,,,,,,,,,,,,,,,,,,,,,,,,,,,,,,,,,,,,,,,,,,,,,,,,,,,,,,,,,,,,,,,
wpn_t9_amp63_shot_plr,,,skye_ports\t9_amp63\fire\wpn_t9_amp63_shot6.wav,,,wpn_t9_shot_plr,,wpn_t9_amp63_trig_pull_plr,,,,,,,,,,,,,,,,,,,,,,,,,,,,,,,,,,,,,,,,,,,,,,,,,,,,,,,,,,,,,,,,,,,,,,,,,,,,,,,,,,,,,,,,,,,,,
wpn_t9_amp63_shot_npc,,,skye_ports\t9_amp63\fire\wpn_t9_amp63_shot1.wav,,,wpn_t9_shot_npc,,wpn_t9_amp63_trig_pull_npc,,,,,,,,,,,,,,,,,,,,,,,,,,,,,,,,,,,,,,,,,,,,,,,,,,,,,,,,,,,,,,,,,,,,,,,,,,,,,,,,,,,,,,,,,,,,,
wpn_t9_amp63_shot_npc,,,skye_ports\t9_amp63\fire\wpn_t9_amp63_shot2.wav,,,wpn_t9_shot_npc,,wpn_t9_amp63_trig_pull_npc,,,,,,,,,,,,,,,,,,,,,,,,,,,,,,,,,,,,,,,,,,,,,,,,,,,,,,,,,,,,,,,,,,,,,,,,,,,,,,,,,,,,,,,,,,,,,
wpn_t9_amp63_shot_npc,,,skye_ports\t9_amp63\fire\wpn_t9_amp63_shot3.wav,,,wpn_t9_shot_npc,,wpn_t9_amp63_trig_pull_npc,,,,,,,,,,,,,,,,,,,,,,,,,,,,,,,,,,,,,,,,,,,,,,,,,,,,,,,,,,,,,,,,,,,,,,,,,,,,,,,,,,,,,,,,,,,,,
wpn_t9_amp63_shot_npc,,,skye_ports\t9_amp63\fire\wpn_t9_amp63_shot4.wav,,,wpn_t9_shot_npc,,wpn_t9_amp63_trig_pull_npc,,,,,,,,,,,,,,,,,,,,,,,,,,,,,,,,,,,,,,,,,,,,,,,,,,,,,,,,,,,,,,,,,,,,,,,,,,,,,,,,,,,,,,,,,,,,,
wpn_t9_amp63_shot_npc,,,skye_ports\t9_amp63\fire\wpn_t9_amp63_shot5.wav,,,wpn_t9_shot_npc,,wpn_t9_amp63_trig_pull_npc,,,,,,,,,,,,,,,,,,,,,,,,,,,,,,,,,,,,,,,,,,,,,,,,,,,,,,,,,,,,,,,,,,,,,,,,,,,,,,,,,,,,,,,,,,,,,
wpn_t9_amp63_shot_npc,,,skye_ports\t9_amp63\fire\wpn_t9_amp63_shot6.wav,,,wpn_t9_shot_npc,,wpn_t9_amp63_trig_pull_npc,,,,,,,,,,,,,,,,,,,,,,,,,,,,,,,,,,,,,,,,,,,,,,,,,,,,,,,,,,,,,,,,,,,,,,,,,,,,,,,,,,,,,,,,,,,,,
wpn_t9_amp63_pap_shot_plr,,,skye_ports\t9_amp63\fire\wpn_t9_amp63_shot1.wav,,,wpn_t9_shot_plr,,wpn_t9_amp63_pap_flux_plr,,,,,,,,,,,,,,,,,,,,,,,,,,,,,,,,,,,,,,,,,,,,,,,,,,,,,,,,,,,,,,,,,,,,,,,,,,,,,,,,,,,,,,,,,,,,,
wpn_t9_amp63_pap_shot_plr,,,skye_ports\t9_amp63\fire\wpn_t9_amp63_shot2.wav,,,wpn_t9_shot_plr,,wpn_t9_amp63_pap_flux_plr,,,,,,,,,,,,,,,,,,,,,,,,,,,,,,,,,,,,,,,,,,,,,,,,,,,,,,,,,,,,,,,,,,,,,,,,,,,,,,,,,,,,,,,,,,,,,
wpn_t9_amp63_pap_shot_plr,,,skye_ports\t9_amp63\fire\wpn_t9_amp63_shot3.wav,,,wpn_t9_shot_plr,,wpn_t9_amp63_pap_flux_plr,,,,,,,,,,,,,,,,,,,,,,,,,,,,,,,,,,,,,,,,,,,,,,,,,,,,,,,,,,,,,,,,,,,,,,,,,,,,,,,,,,,,,,,,,,,,,
wpn_t9_amp63_pap_shot_plr,,,skye_ports\t9_amp63\fire\wpn_t9_amp63_shot4.wav,,,wpn_t9_shot_plr,,wpn_t9_amp63_pap_flux_plr,,,,,,,,,,,,,,,,,,,,,,,,,,,,,,,,,,,,,,,,,,,,,,,,,,,,,,,,,,,,,,,,,,,,,,,,,,,,,,,,,,,,,,,,,,,,,
wpn_t9_amp63_pap_shot_plr,,,skye_ports\t9_amp63\fire\wpn_t9_amp63_shot5.wav,,,wpn_t9_shot_plr,,wpn_t9_amp63_pap_flux_plr,,,,,,,,,,,,,,,,,,,,,,,,,,,,,,,,,,,,,,,,,,,,,,,,,,,,,,,,,,,,,,,,,,,,,,,,,,,,,,,,,,,,,,,,,,,,,
wpn_t9_amp63_pap_shot_plr,,,skye_ports\t9_amp63\fire\wpn_t9_amp63_shot6.wav,,,wpn_t9_shot_plr,,wpn_t9_amp63_pap_flux_plr,,,,,,,,,,,,,,,,,,,,,,,,,,,,,,,,,,,,,,,,,,,,,,,,,,,,,,,,,,,,,,,,,,,,,,,,,,,,,,,,,,,,,,,,,,,,,
wpn_t9_amp63_pap_shot_npc,,,skye_ports\t9_amp63\fire\wpn_t9_amp63_shot1.wav,,,wpn_t9_shot_npc,,wpn_t9_amp63_pap_flux_npc,,,,,,,,,,,,,,,,,,,,,,,,,,,,,,,,,,,,,,,,,,,,,,,,,,,,,,,,,,,,,,,,,,,,,,,,,,,,,,,,,,,,,,,,,,,,,
wpn_t9_amp63_pap_shot_npc,,,skye_ports\t9_amp63\fire\wpn_t9_amp63_shot2.wav,,,wpn_t9_shot_npc,,wpn_t9_amp63_pap_flux_npc,,,,,,,,,,,,,,,,,,,,,,,,,,,,,,,,,,,,,,,,,,,,,,,,,,,,,,,,,,,,,,,,,,,,,,,,,,,,,,,,,,,,,,,,,,,,,
wpn_t9_amp63_pap_shot_npc,,,skye_ports\t9_amp63\fire\wpn_t9_amp63_shot3.wav,,,wpn_t9_shot_npc,,wpn_t9_amp63_pap_flux_npc,,,,,,,,,,,,,,,,,,,,,,,,,,,,,,,,,,,,,,,,,,,,,,,,,,,,,,,,,,,,,,,,,,,,,,,,,,,,,,,,,,,,,,,,,,,,,
wpn_t9_amp63_pap_shot_npc,,,skye_ports\t9_amp63\fire\wpn_t9_amp63_shot4.wav,,,wpn_t9_shot_npc,,wpn_t9_amp63_pap_flux_npc,,,,,,,,,,,,,,,,,,,,,,,,,,,,,,,,,,,,,,,,,,,,,,,,,,,,,,,,,,,,,,,,,,,,,,,,,,,,,,,,,,,,,,,,,,,,,
wpn_t9_amp63_pap_shot_npc,,,skye_ports\t9_amp63\fire\wpn_t9_amp63_shot5.wav,,,wpn_t9_shot_npc,,wpn_t9_amp63_pap_flux_npc,,,,,,,,,,,,,,,,,,,,,,,,,,,,,,,,,,,,,,,,,,,,,,,,,,,,,,,,,,,,,,,,,,,,,,,,,,,,,,,,,,,,,,,,,,,,,
wpn_t9_amp63_pap_shot_npc,,,skye_ports\t9_amp63\fire\wpn_t9_amp63_shot6.wav,,,wpn_t9_shot_npc,,wpn_t9_amp63_pap_flux_npc,,,,,,,,,,,,,,,,,,,,,,,,,,,,,,,,,,,,,,,,,,,,,,,,,,,,,,,,,,,,,,,,,,,,,,,,,,,,,,,,,,,,,,,,,,,,,
wpn_t9_amp63_trig_pull_plr,,,skye_ports\t9_amp63\fire\wpn_t9_amp63_trig_pull1.wav,,,wpn_t9_shot_plr,,wpn_t9_amp63_mech_plr,,,,,,,,,,,,,,,,,,,,,,,,,,,,,,,,,,,,,,,,,,,,,,,,,,,,,,,,,,,,,,,,,,,,,,,,,,,,,,,,,,,,,,,,,,,,,
wpn_t9_amp63_trig_pull_plr,,,skye_ports\t9_amp63\fire\wpn_t9_amp63_trig_pull2.wav,,,wpn_t9_shot_plr,,wpn_t9_amp63_mech_plr,,,,,,,,,,,,,,,,,,,,,,,,,,,,,,,,,,,,,,,,,,,,,,,,,,,,,,,,,,,,,,,,,,,,,,,,,,,,,,,,,,,,,,,,,,,,,
wpn_t9_amp63_trig_pull_plr,,,skye_ports\t9_amp63\fire\wpn_t9_amp63_trig_pull3.wav,,,wpn_t9_shot_plr,,wpn_t9_amp63_mech_plr,,,,,,,,,,,,,,,,,,,,,,,,,,,,,,,,,,,,,,,,,,,,,,,,,,,,,,,,,,,,,,,,,,,,,,,,,,,,,,,,,,,,,,,,,,,,,
wpn_t9_amp63_trig_pull_plr,,,skye_ports\t9_amp63\fire\wpn_t9_amp63_trig_pull4.wav,,,wpn_t9_shot_plr,,wpn_t9_amp63_mech_plr,,,,,,,,,,,,,,,,,,,,,,,,,,,,,,,,,,,,,,,,,,,,,,,,,,,,,,,,,,,,,,,,,,,,,,,,,,,,,,,,,,,,,,,,,,,,,
wpn_t9_amp63_trig_pull_plr,,,skye_ports\t9_amp63\fire\wpn_t9_amp63_trig_pull5.wav,,,wpn_t9_shot_plr,,wpn_t9_amp63_mech_plr,,,,,,,,,,,,,,,,,,,,,,,,,,,,,,,,,,,,,,,,,,,,,,,,,,,,,,,,,,,,,,,,,,,,,,,,,,,,,,,,,,,,,,,,,,,,,
wpn_t9_amp63_trig_pull_plr,,,skye_ports\t9_amp63\fire\wpn_t9_amp63_trig_pull6.wav,,,wpn_t9_shot_plr,,wpn_t9_amp63_mech_plr,,,,,,,,,,,,,,,,,,,,,,,,,,,,,,,,,,,,,,,,,,,,,,,,,,,,,,,,,,,,,,,,,,,,,,,,,,,,,,,,,,,,,,,,,,,,,
wpn_t9_amp63_trig_pull_npc,,,skye_ports\t9_amp63\fire\wpn_t9_amp63_trig_pull1.wav,,,wpn_t9_shot_npc,,wpn_t9_amp63_mech_npc,,,,,,,,,,,,,,,,,,,,,,,,,,,,,,,,,,,,,,,,,,,,,,,,,,,,,,,,,,,,,,,,,,,,,,,,,,,,,,,,,,,,,,,,,,,,,
wpn_t9_amp63_trig_pull_npc,,,skye_ports\t9_amp63\fire\wpn_t9_amp63_trig_pull2.wav,,,wpn_t9_shot_npc,,wpn_t9_amp63_mech_npc,,,,,,,,,,,,,,,,,,,,,,,,,,,,,,,,,,,,,,,,,,,,,,,,,,,,,,,,,,,,,,,,,,,,,,,,,,,,,,,,,,,,,,,,,,,,,
wpn_t9_amp63_trig_pull_npc,,,skye_ports\t9_amp63\fire\wpn_t9_amp63_trig_pull3.wav,,,wpn_t9_shot_npc,,wpn_t9_amp63_mech_npc,,,,,,,,,,,,,,,,,,,,,,,,,,,,,,,,,,,,,,,,,,,,,,,,,,,,,,,,,,,,,,,,,,,,,,,,,,,,,,,,,,,,,,,,,,,,,
wpn_t9_amp63_trig_pull_npc,,,skye_ports\t9_amp63\fire\wpn_t9_amp63_trig_pull4.wav,,,wpn_t9_shot_npc,,wpn_t9_amp63_mech_npc,,,,,,,,,,,,,,,,,,,,,,,,,,,,,,,,,,,,,,,,,,,,,,,,,,,,,,,,,,,,,,,,,,,,,,,,,,,,,,,,,,,,,,,,,,,,,
wpn_t9_amp63_trig_pull_npc,,,skye_ports\t9_amp63\fire\wpn_t9_amp63_trig_pull5.wav,,,wpn_t9_shot_npc,,wpn_t9_amp63_mech_npc,,,,,,,,,,,,,,,,,,,,,,,,,,,,,,,,,,,,,,,,,,,,,,,,,,,,,,,,,,,,,,,,,,,,,,,,,,,,,,,,,,,,,,,,,,,,,
wpn_t9_amp63_trig_pull_npc,,,skye_ports\t9_amp63\fire\wpn_t9_amp63_trig_pull6.wav,,,wpn_t9_shot_npc,,wpn_t9_amp63_mech_npc,,,,,,,,,,,,,,,,,,,,,,,,,,,,,,,,,,,,,,,,,,,,,,,,,,,,,,,,,,,,,,,,,,,,,,,,,,,,,,,,,,,,,,,,,,,,,
wpn_t9_amp63_mech_plr,,,skye_ports\t9_amp63\fire\wpn_t9_amp63_mech1.wav,,,wpn_t9_shot_plr,,wpn_t9_amp63_sub_plr,,,,,,,,,,,,,,,,,,,,,,,,,,,,,,,,,,,,,,,,,,,,,,,,,,,,,,,,,,,,,,,,,,,,,,,,,,,,,,,,,,,,,,,,,,,,,
wpn_t9_amp63_mech_plr,,,skye_ports\t9_amp63\fire\wpn_t9_amp63_mech2.wav,,,wpn_t9_shot_plr,,wpn_t9_amp63_sub_plr,,,,,,,,,,,,,,,,,,,,,,,,,,,,,,,,,,,,,,,,,,,,,,,,,,,,,,,,,,,,,,,,,,,,,,,,,,,,,,,,,,,,,,,,,,,,,
wpn_t9_amp63_mech_plr,,,skye_ports\t9_amp63\fire\wpn_t9_amp63_mech3.wav,,,wpn_t9_shot_plr,,wpn_t9_amp63_sub_plr,,,,,,,,,,,,,,,,,,,,,,,,,,,,,,,,,,,,,,,,,,,,,,,,,,,,,,,,,,,,,,,,,,,,,,,,,,,,,,,,,,,,,,,,,,,,,
wpn_t9_amp63_mech_plr,,,skye_ports\t9_amp63\fire\wpn_t9_amp63_mech4.wav,,,wpn_t9_shot_plr,,wpn_t9_amp63_sub_plr,,,,,,,,,,,,,,,,,,,,,,,,,,,,,,,,,,,,,,,,,,,,,,,,,,,,,,,,,,,,,,,,,,,,,,,,,,,,,,,,,,,,,,,,,,,,,
wpn_t9_amp63_mech_plr,,,skye_ports\t9_amp63\fire\wpn_t9_amp63_mech5.wav,,,wpn_t9_shot_plr,,wpn_t9_amp63_sub_plr,,,,,,,,,,,,,,,,,,,,,,,,,,,,,,,,,,,,,,,,,,,,,,,,,,,,,,,,,,,,,,,,,,,,,,,,,,,,,,,,,,,,,,,,,,,,,
wpn_t9_amp63_mech_plr,,,skye_ports\t9_amp63\fire\wpn_t9_amp63_mech6.wav,,,wpn_t9_shot_plr,,wpn_t9_amp63_sub_plr,,,,,,,,,,,,,,,,,,,,,,,,,,,,,,,,,,,,,,,,,,,,,,,,,,,,,,,,,,,,,,,,,,,,,,,,,,,,,,,,,,,,,,,,,,,,,
wpn_t9_amp63_mech_npc,,,skye_ports\t9_amp63\fire\wpn_t9_amp63_mech1.wav,,,wpn_t9_shot_npc,,wpn_t9_amp63_sub_npc,,,,,,,,,,,,,,,,,,,,,,,,,,,,,,,,,,,,,,,,,,,,,,,,,,,,,,,,,,,,,,,,,,,,,,,,,,,,,,,,,,,,,,,,,,,,,
wpn_t9_amp63_mech_npc,,,skye_ports\t9_amp63\fire\wpn_t9_amp63_mech2.wav,,,wpn_t9_shot_npc,,wpn_t9_amp63_sub_npc,,,,,,,,,,,,,,,,,,,,,,,,,,,,,,,,,,,,,,,,,,,,,,,,,,,,,,,,,,,,,,,,,,,,,,,,,,,,,,,,,,,,,,,,,,,,,
wpn_t9_amp63_mech_npc,,,skye_ports\t9_amp63\fire\wpn_t9_amp63_mech3.wav,,,wpn_t9_shot_npc,,wpn_t9_amp63_sub_npc,,,,,,,,,,,,,,,,,,,,,,,,,,,,,,,,,,,,,,,,,,,,,,,,,,,,,,,,,,,,,,,,,,,,,,,,,,,,,,,,,,,,,,,,,,,,,
wpn_t9_amp63_mech_npc,,,skye_ports\t9_amp63\fire\wpn_t9_amp63_mech4.wav,,,wpn_t9_shot_npc,,wpn_t9_amp63_sub_npc,,,,,,,,,,,,,,,,,,,,,,,,,,,,,,,,,,,,,,,,,,,,,,,,,,,,,,,,,,,,,,,,,,,,,,,,,,,,,,,,,,,,,,,,,,,,,
wpn_t9_amp63_mech_npc,,,skye_ports\t9_amp63\fire\wpn_t9_amp63_mech5.wav,,,wpn_t9_shot_npc,,wpn_t9_amp63_sub_npc,,,,,,,,,,,,,,,,,,,,,,,,,,,,,,,,,,,,,,,,,,,,,,,,,,,,,,,,,,,,,,,,,,,,,,,,,,,,,,,,,,,,,,,,,,,,,
wpn_t9_amp63_mech_npc,,,skye_ports\t9_amp63\fire\wpn_t9_amp63_mech6.wav,,,wpn_t9_shot_npc,,wpn_t9_amp63_sub_npc,,,,,,,,,,,,,,,,,,,,,,,,,,,,,,,,,,,,,,,,,,,,,,,,,,,,,,,,,,,,,,,,,,,,,,,,,,,,,,,,,,,,,,,,,,,,,
wpn_t9_amp63_sub_plr,,,skye_ports\t9_amp63\fire\wpn_t9_amp63_sub.wav,,,wpn_t9_shot_plr,,wpn_t9_amp63_tail_plr,,,,,,,,,,,,,,,,,,,,,,,,,,,,,,,,,,,,,,,,,,,,,,,,,,,,,,,,,,,,,,,,,,,,,,,,,,,,,,,,,,,,,,,,,,,,,
wpn_t9_amp63_sub_npc,,,skye_ports\t9_amp63\fire\wpn_t9_amp63_sub.wav,,,wpn_t9_shot_npc,,wpn_t9_amp63_tail_npc,,,,,,,,,,,,,,,,,,,,,,,,,,,,,,,,,,,,,,,,,,,,,,,,,,,,,,,,,,,,,,,,,,,,,,,,,,,,,,,,,,,,,,,,,,,,,
wpn_t9_amp63_tail_plr,,,skye_ports\t9_common\reverb\exterior\ar\wpn_t9_reverb_ar1_ext1.wav,,,wpn_t9_reverb_ext_plr,,,,,,,,,,,,,,,,,,,,,,,,,,,,,,,,,,,,,,,,,,,,,,,,,,,,,,,,,,,,,,,,,,,,,,,,,,,,,,,,,,,,,,,,,,,,,,,
wpn_t9_amp63_tail_plr,,,skye_ports\t9_common\reverb\exterior\ar\wpn_t9_reverb_ar1_ext2.wav,,,wpn_t9_reverb_ext_plr,,,,,,,,,,,,,,,,,,,,,,,,,,,,,,,,,,,,,,,,,,,,,,,,,,,,,,,,,,,,,,,,,,,,,,,,,,,,,,,,,,,,,,,,,,,,,,,
wpn_t9_amp63_tail_plr,,,skye_ports\t9_common\reverb\exterior\ar\wpn_t9_reverb_ar1_ext3.wav,,,wpn_t9_reverb_ext_plr,,,,,,,,,,,,,,,,,,,,,,,,,,,,,,,,,,,,,,,,,,,,,,,,,,,,,,,,,,,,,,,,,,,,,,,,,,,,,,,,,,,,,,,,,,,,,,,
wpn_t9_amp63_tail_plr,,,skye_ports\t9_common\reverb\exterior\ar\wpn_t9_reverb_ar1_ext4.wav,,,wpn_t9_reverb_ext_plr,,,,,,,,,,,,,,,,,,,,,,,,,,,,,,,,,,,,,,,,,,,,,,,,,,,,,,,,,,,,,,,,,,,,,,,,,,,,,,,,,,,,,,,,,,,,,,,
wpn_t9_amp63_tail_plr,,,skye_ports\t9_common\reverb\exterior\ar\wpn_t9_reverb_ar1_ext5.wav,,,wpn_t9_reverb_ext_plr,,,,,,,,,,,,,,,,,,,,,,,,,,,,,,,,,,,,,,,,,,,,,,,,,,,,,,,,,,,,,,,,,,,,,,,,,,,,,,,,,,,,,,,,,,,,,,,
wpn_t9_amp63_tail_plr,,,skye_ports\t9_common\reverb\exterior\ar\wpn_t9_reverb_ar1_ext6.wav,,,wpn_t9_reverb_ext_plr,,,,,,,,,,,,,,,,,,,,,,,,,,,,,,,,,,,,,,,,,,,,,,,,,,,,,,,,,,,,,,,,,,,,,,,,,,,,,,,,,,,,,,,,,,,,,,,
wpn_t9_amp63_tail_npc,,,skye_ports\t9_common\reverb\exterior\ar\wpn_t9_reverb_ar1_ext1.wav,,,wpn_t9_reverb_ext_npc,,,,,,,,,,,,,,,,,,,,,,,,,,,,,,,,,,,,,,,,,,,,,,,,,,,,,,,,,,,,,,,,,,,,,,,,,,,,,,,,,,,,,,,,,,,,,,,
wpn_t9_amp63_tail_npc,,,skye_ports\t9_common\reverb\exterior\ar\wpn_t9_reverb_ar1_ext2.wav,,,wpn_t9_reverb_ext_npc,,,,,,,,,,,,,,,,,,,,,,,,,,,,,,,,,,,,,,,,,,,,,,,,,,,,,,,,,,,,,,,,,,,,,,,,,,,,,,,,,,,,,,,,,,,,,,,
wpn_t9_amp63_tail_npc,,,skye_ports\t9_common\reverb\exterior\ar\wpn_t9_reverb_ar1_ext3.wav,,,wpn_t9_reverb_ext_npc,,,,,,,,,,,,,,,,,,,,,,,,,,,,,,,,,,,,,,,,,,,,,,,,,,,,,,,,,,,,,,,,,,,,,,,,,,,,,,,,,,,,,,,,,,,,,,,
wpn_t9_amp63_tail_npc,,,skye_ports\t9_common\reverb\exterior\ar\wpn_t9_reverb_ar1_ext4.wav,,,wpn_t9_reverb_ext_npc,,,,,,,,,,,,,,,,,,,,,,,,,,,,,,,,,,,,,,,,,,,,,,,,,,,,,,,,,,,,,,,,,,,,,,,,,,,,,,,,,,,,,,,,,,,,,,,
wpn_t9_amp63_tail_npc,,,skye_ports\t9_common\reverb\exterior\ar\wpn_t9_reverb_ar1_ext5.wav,,,wpn_t9_reverb_ext_npc,,,,,,,,,,,,,,,,,,,,,,,,,,,,,,,,,,,,,,,,,,,,,,,,,,,,,,,,,,,,,,,,,,,,,,,,,,,,,,,,,,,,,,,,,,,,,,,
wpn_t9_amp63_tail_npc,,,skye_ports\t9_common\reverb\exterior\ar\wpn_t9_reverb_ar1_ext6.wav,,,wpn_t9_reverb_ext_npc,,,,,,,,,,,,,,,,,,,,,,,,,,,,,,,,,,,,,,,,,,,,,,,,,,,,,,,,,,,,,,,,,,,,,,,,,,,,,,,,,,,,,,,,,,,,,,,
wpn_t9_amp63_tail_plr,,,skye_ports\t9_common\reverb\interior\ar\wpn_t9_reverb_ar_int1.wav,,,wpn_t9_reverb_int_plr,,,,,,,,,,,,,,,,,,,,,,,,,,,,,,,,,,,,,,,,,,,,,,,,,,,,,,,,,,,,,,,,,,,,,,,,,,,,,,,,,,,,,,,,,,,,,,,
wpn_t9_amp63_tail_plr,,,skye_ports\t9_common\reverb\interior\ar\wpn_t9_reverb_ar_int2.wav,,,wpn_t9_reverb_int_plr,,,,,,,,,,,,,,,,,,,,,,,,,,,,,,,,,,,,,,,,,,,,,,,,,,,,,,,,,,,,,,,,,,,,,,,,,,,,,,,,,,,,,,,,,,,,,,,
wpn_t9_amp63_tail_plr,,,skye_ports\t9_common\reverb\interior\ar\wpn_t9_reverb_ar_int3.wav,,,wpn_t9_reverb_int_plr,,,,,,,,,,,,,,,,,,,,,,,,,,,,,,,,,,,,,,,,,,,,,,,,,,,,,,,,,,,,,,,,,,,,,,,,,,,,,,,,,,,,,,,,,,,,,,,
wpn_t9_amp63_tail_plr,,,skye_ports\t9_common\reverb\interior\ar\wpn_t9_reverb_ar_int4.wav,,,wpn_t9_reverb_int_plr,,,,,,,,,,,,,,,,,,,,,,,,,,,,,,,,,,,,,,,,,,,,,,,,,,,,,,,,,,,,,,,,,,,,,,,,,,,,,,,,,,,,,,,,,,,,,,,
wpn_t9_amp63_tail_npc,,,skye_ports\t9_common\reverb\interior\ar\wpn_t9_reverb_ar_int1.wav,,,wpn_t9_reverb_int_npc,,,,,,,,,,,,,,,,,,,,,,,,,,,,,,,,,,,,,,,,,,,,,,,,,,,,,,,,,,,,,,,,,,,,,,,,,,,,,,,,,,,,,,,,,,,,,,,
wpn_t9_amp63_tail_npc,,,skye_ports\t9_common\reverb\interior\ar\wpn_t9_reverb_ar_int2.wav,,,wpn_t9_reverb_int_npc,,,,,,,,,,,,,,,,,,,,,,,,,,,,,,,,,,,,,,,,,,,,,,,,,,,,,,,,,,,,,,,,,,,,,,,,,,,,,,,,,,,,,,,,,,,,,,,
wpn_t9_amp63_tail_npc,,,skye_ports\t9_common\reverb\interior\ar\wpn_t9_reverb_ar_int3.wav,,,wpn_t9_reverb_int_npc,,,,,,,,,,,,,,,,,,,,,,,,,,,,,,,,,,,,,,,,,,,,,,,,,,,,,,,,,,,,,,,,,,,,,,,,,,,,,,,,,,,,,,,,,,,,,,,
wpn_t9_amp63_tail_npc,,,skye_ports\t9_common\reverb\interior\ar\wpn_t9_reverb_ar_int4.wav,,,wpn_t9_reverb_int_npc,,,,,,,,,,,,,,,,,,,,,,,,,,,,,,,,,,,,,,,,,,,,,,,,,,,,,,,,,,,,,,,,,,,,,,,,,,,,,,,,,,,,,,,,,,,,,,,
wpn_t9_amp63_pap_flux_plr,,,skye_ports\t9_amp63\fire\wpn_t9_amp63_pap_flux.wav,,,wpn_t9_pap_shot_plr,,wpn_t9_amp63_trig_pull_plr,,,,,,,,,,,,,,,,,,,,,,,,,,,,,,,,,,,,,,,,,,,,,,,,,,,,,,,,,,,,,,,,,,,,,,,,,,,,,,,,,,,,,,,,,,,,,
wpn_t9_amp63_pap_flux_npc,,,skye_ports\t9_amp63\fire\wpn_t9_amp63_pap_flux.wav,,,wpn_t9_pap_shot_npc,,wpn_t9_amp63_trig_pull_npc,,,,,,,,,,,,,,,,,,,,,,,,,,,,,,,,,,,,,,,,,,,,,,,,,,,,,,,,,,,,,,,,,,,,,,,,,,,,,,,,,,,,,,,,,,,,,
wpn_t9_amp63_end,,,skye_ports\t9_amp63\foley\wpn_t9_amp63_end.wav,,,wpn_t9_reload_plr,,,,,,,,,,,,,,,,,,,,,,,,,,,,,,,,,,,,,,,,,,,,,,,,,,,,,,,,,,,,,,,,,,,,,,,,,,,,,,,,,,,,,,,,,,,,,,,
wpn_t9_amp63_fdw_first_raise,,,skye_ports\t9_amp63\foley\wpn_t9_amp63_fdw_first_raise.wav,,,wpn_t9_reload_plr,,,,,,,,,,,,,,,,,,,,,,,,,,,,,,,,,,,,,,,,,,,,,,,,,,,,,,,,,,,,,,,,,,,,,,,,,,,,,,,,,,,,,,,,,,,,,,,
wpn_t9_amp63_fdw_inspect_part1,,,skye_ports\t9_amp63\foley\wpn_t9_amp63_fdw_inspect_part1.wav,,,wpn_t9_reload_plr,,,,,,,,,,,,,,,,,,,,,,,,,,,,,,,,,,,,,,,,,,,,,,,,,,,,,,,,,,,,,,,,,,,,,,,,,,,,,,,,,,,,,,,,,,,,,,,
wpn_t9_amp63_fdw_inspect_part2,,,skye_ports\t9_amp63\foley\wpn_t9_amp63_fdw_inspect_part2.wav,,,wpn_t9_reload_plr,,,,,,,,,,,,,,,,,,,,,,,,,,,,,,,,,,,,,,,,,,,,,,,,,,,,,,,,,,,,,,,,,,,,,,,,,,,,,,,,,,,,,,,,,,,,,,,
wpn_t9_amp63_fdw_inspect_part3,,,skye_ports\t9_amp63\foley\wpn_t9_amp63_fdw_inspect_part3.wav,,,wpn_t9_reload_plr,,,,,,,,,,,,,,,,,,,,,,,,,,,,,,,,,,,,,,,,,,,,,,,,,,,,,,,,,,,,,,,,,,,,,,,,,,,,,,,,,,,,,,,,,,,,,,,
wpn_t9_amp63_fdw_inspect_part4,,,skye_ports\t9_amp63\foley\wpn_t9_amp63_fdw_inspect_part4.wav,,,wpn_t9_reload_plr,,,,,,,,,,,,,,,,,,,,,,,,,,,,,,,,,,,,,,,,,,,,,,,,,,,,,,,,,,,,,,,,,,,,,,,,,,,,,,,,,,,,,,,,,,,,,,,
wpn_t9_amp63_inspect_part1,,,skye_ports\t9_amp63\foley\wpn_t9_amp63_inspect_part1.wav,,,wpn_t9_reload_plr,,,,,,,,,,,,,,,,,,,,,,,,,,,,,,,,,,,,,,,,,,,,,,,,,,,,,,,,,,,,,,,,,,,,,,,,,,,,,,,,,,,,,,,,,,,,,,,
wpn_t9_amp63_inspect_part2,,,skye_ports\t9_amp63\foley\wpn_t9_amp63_inspect_part2.wav,,,wpn_t9_reload_plr,,,,,,,,,,,,,,,,,,,,,,,,,,,,,,,,,,,,,,,,,,,,,,,,,,,,,,,,,,,,,,,,,,,,,,,,,,,,,,,,,,,,,,,,,,,,,,,
wpn_t9_amp63_inspect_part3,,,skye_ports\t9_amp63\foley\wpn_t9_amp63_inspect_part3.wav,,,wpn_t9_reload_plr,,,,,,,,,,,,,,,,,,,,,,,,,,,,,,,,,,,,,,,,,,,,,,,,,,,,,,,,,,,,,,,,,,,,,,,,,,,,,,,,,,,,,,,,,,,,,,,
wpn_t9_amp63_ldw_end,,,skye_ports\t9_amp63\foley\wpn_t9_amp63_ldw_end.wav,,,wpn_t9_reload_plr,,,,,,,,,,,,,,,,,,,,,,,,,,,,,,,,,,,,,,,,,,,,,,,,,,,,,,,,,,,,,,,,,,,,,,,,,,,,,,,,,,,,,,,,,,,,,,,
wpn_t9_amp63_ldw_mag_in,,,skye_ports\t9_amp63\foley\wpn_t9_amp63_ldw_mag_in.wav,,,wpn_t9_reload_plr,,,,,,,,,,,,,,,,,,,,,,,,,,,,,,,,,,,,,,,,,,,,,,,,,,,,,,,,,,,,,,,,,,,,,,,,,,,,,,,,,,,,,,,,,,,,,,,
wpn_t9_amp63_ldw_mag_out,,,skye_ports\t9_amp63\foley\wpn_t9_amp63_ldw_mag_out.wav,,,wpn_t9_reload_plr,,,,,,,,,,,,,,,,,,,,,,,,,,,,,,,,,,,,,,,,,,,,,,,,,,,,,,,,,,,,,,,,,,,,,,,,,,,,,,,,,,,,,,,,,,,,,,,
wpn_t9_amp63_ldw_slide_back,,,skye_ports\t9_amp63\foley\wpn_t9_amp63_ldw_slide_back.wav,,,wpn_t9_reload_plr,,,,,,,,,,,,,,,,,,,,,,,,,,,,,,,,,,,,,,,,,,,,,,,,,,,,,,,,,,,,,,,,,,,,,,,,,,,,,,,,,,,,,,,,,,,,,,,
wpn_t9_amp63_ldw_slide_forward,,,skye_ports\t9_amp63\foley\wpn_t9_amp63_ldw_slide_forward.wav,,,wpn_t9_reload_plr,,,,,,,,,,,,,,,,,,,,,,,,,,,,,,,,,,,,,,,,,,,,,,,,,,,,,,,,,,,,,,,,,,,,,,,,,,,,,,,,,,,,,,,,,,,,,,,
wpn_t9_amp63_ldw_start,,,skye_ports\t9_amp63\foley\wpn_t9_amp63_ldw_start.wav,,,wpn_t9_reload_plr,,,,,,,,,,,,,,,,,,,,,,,,,,,,,,,,,,,,,,,,,,,,,,,,,,,,,,,,,,,,,,,,,,,,,,,,,,,,,,,,,,,,,,,,,,,,,,,
wpn_t9_amp63_mag_in,,,skye_ports\t9_amp63\foley\wpn_t9_amp63_mag_in.wav,,,wpn_t9_reload_plr,,,,,,,,,,,,,,,,,,,,,,,,,,,,,,,,,,,,,,,,,,,,,,,,,,,,,,,,,,,,,,,,,,,,,,,,,,,,,,,,,,,,,,,,,,,,,,,
wpn_t9_amp63_mag_out,,,skye_ports\t9_amp63\foley\wpn_t9_amp63_mag_out.wav,,,wpn_t9_reload_plr,,,,,,,,,,,,,,,,,,,,,,,,,,,,,,,,,,,,,,,,,,,,,,,,,,,,,,,,,,,,,,,,,,,,,,,,,,,,,,,,,,,,,,,,,,,,,,,
wpn_t9_amp63_rdw_end,,,skye_ports\t9_amp63\foley\wpn_t9_amp63_rdw_end.wav,,,wpn_t9_reload_plr,,,,,,,,,,,,,,,,,,,,,,,,,,,,,,,,,,,,,,,,,,,,,,,,,,,,,,,,,,,,,,,,,,,,,,,,,,,,,,,,,,,,,,,,,,,,,,,
wpn_t9_amp63_rdw_mag_in,,,skye_ports\t9_amp63\foley\wpn_t9_amp63_rdw_mag_in.wav,,,wpn_t9_reload_plr,,,,,,,,,,,,,,,,,,,,,,,,,,,,,,,,,,,,,,,,,,,,,,,,,,,,,,,,,,,,,,,,,,,,,,,,,,,,,,,,,,,,,,,,,,,,,,,
wpn_t9_amp63_rdw_mag_out,,,skye_ports\t9_amp63\foley\wpn_t9_amp63_rdw_mag_out.wav,,,wpn_t9_reload_plr,,,,,,,,,,,,,,,,,,,,,,,,,,,,,,,,,,,,,,,,,,,,,,,,,,,,,,,,,,,,,,,,,,,,,,,,,,,,,,,,,,,,,,,,,,,,,,,
wpn_t9_amp63_rdw_slide_back,,,skye_ports\t9_amp63\foley\wpn_t9_amp63_rdw_slide_back.wav,,,wpn_t9_reload_plr,,,,,,,,,,,,,,,,,,,,,,,,,,,,,,,,,,,,,,,,,,,,,,,,,,,,,,,,,,,,,,,,,,,,,,,,,,,,,,,,,,,,,,,,,,,,,,,
wpn_t9_amp63_rdw_slide_forward,,,skye_ports\t9_amp63\foley\wpn_t9_amp63_rdw_slide_forward.wav,,,wpn_t9_reload_plr,,,,,,,,,,,,,,,,,,,,,,,,,,,,,,,,,,,,,,,,,,,,,,,,,,,,,,,,,,,,,,,,,,,,,,,,,,,,,,,,,,,,,,,,,,,,,,,
wpn_t9_amp63_rdw_start,,,skye_ports\t9_amp63\foley\wpn_t9_amp63_rdw_start.wav,,,wpn_t9_reload_plr,,,,,,,,,,,,,,,,,,,,,,,,,,,,,,,,,,,,,,,,,,,,,,,,,,,,,,,,,,,,,,,,,,,,,,,,,,,,,,,,,,,,,,,,,,,,,,,
wpn_t9_amp63_slide_back,,,skye_ports\t9_amp63\foley\wpn_t9_amp63_slide_back.wav,,,wpn_t9_reload_plr,,,,,,,,,,,,,,,,,,,,,,,,,,,,,,,,,,,,,,,,,,,,,,,,,,,,,,,,,,,,,,,,,,,,,,,,,,,,,,,,,,,,,,,,,,,,,,,
wpn_t9_amp63_slide_forward,,,skye_ports\t9_amp63\foley\wpn_t9_amp63_slide_forward.wav,,,wpn_t9_reload_plr,,,,,,,,,,,,,,,,,,,,,,,,,,,,,,,,,,,,,,,,,,,,,,,,,,,,,,,,,,,,,,,,,,,,,,,,,,,,,,,,,,,,,,,,,,,,,,,
wpn_t9_amp63_start,,,skye_ports\t9_amp63\foley\wpn_t9_amp63_start.wav,,,wpn_t9_reload_plr,,,,,,,,,,,,,,,,,,,,,,,,,,,,,,,,,,,,,,,,,,,,,,,,,,,,,,,,,,,,,,,,,,,,,,,,,,,,,,,,,,,,,,,,,,,,,,,
wpn_t9_magnum_shot_plr,,,skye_ports\t9_magnum\fire\wpn_t9_magnum_shot1.wav,,,wpn_t9_shot_plr,,,,,,,,,,,,,,,,,,,,,,,,,,,,,,,,,,,,,,,,,,,,,,,,,,,,,,,,,,,,,,,,,,,,,,,,,,,,,,,,,,,,,,,,,,,,,,,
wpn_t9_magnum_shot_plr,,,skye_ports\t9_magnum\fire\wpn_t9_magnum_shot2.wav,,,wpn_t9_shot_plr,,,,,,,,,,,,,,,,,,,,,,,,,,,,,,,,,,,,,,,,,,,,,,,,,,,,,,,,,,,,,,,,,,,,,,,,,,,,,,,,,,,,,,,,,,,,,,,
wpn_t9_magnum_shot_plr,,,skye_ports\t9_magnum\fire\wpn_t9_magnum_shot3.wav,,,wpn_t9_shot_plr,,,,,,,,,,,,,,,,,,,,,,,,,,,,,,,,,,,,,,,,,,,,,,,,,,,,,,,,,,,,,,,,,,,,,,,,,,,,,,,,,,,,,,,,,,,,,,,
wpn_t9_magnum_shot_plr,,,skye_ports\t9_magnum\fire\wpn_t9_magnum_shot4.wav,,,wpn_t9_shot_plr,,,,,,,,,,,,,,,,,,,,,,,,,,,,,,,,,,,,,,,,,,,,,,,,,,,,,,,,,,,,,,,,,,,,,,,,,,,,,,,,,,,,,,,,,,,,,,,
wpn_t9_magnum_shot_plr,,,skye_ports\t9_magnum\fire\wpn_t9_magnum_shot5.wav,,,wpn_t9_shot_plr,,,,,,,,,,,,,,,,,,,,,,,,,,,,,,,,,,,,,,,,,,,,,,,,,,,,,,,,,,,,,,,,,,,,,,,,,,,,,,,,,,,,,,,,,,,,,,,
wpn_t9_magnum_shot_plr,,,skye_ports\t9_magnum\fire\wpn_t9_magnum_shot6.wav,,,wpn_t9_shot_plr,,,,,,,,,,,,,,,,,,,,,,,,,,,,,,,,,,,,,,,,,,,,,,,,,,,,,,,,,,,,,,,,,,,,,,,,,,,,,,,,,,,,,,,,,,,,,,,
wpn_t9_magnum_shot_npc,,,skye_ports\t9_magnum\fire\wpn_t9_magnum_shot1.wav,,,wpn_t9_shot_npc,,,,,,,,,,,,,,,,,,,,,,,,,,,,,,,,,,,,,,,,,,,,,,,,,,,,,,,,,,,,,,,,,,,,,,,,,,,,,,,,,,,,,,,,,,,,,,,
wpn_t9_magnum_shot_npc,,,skye_ports\t9_magnum\fire\wpn_t9_magnum_shot2.wav,,,wpn_t9_shot_npc,,,,,,,,,,,,,,,,,,,,,,,,,,,,,,,,,,,,,,,,,,,,,,,,,,,,,,,,,,,,,,,,,,,,,,,,,,,,,,,,,,,,,,,,,,,,,,,
wpn_t9_magnum_shot_npc,,,skye_ports\t9_magnum\fire\wpn_t9_magnum_shot3.wav,,,wpn_t9_shot_npc,,,,,,,,,,,,,,,,,,,,,,,,,,,,,,,,,,,,,,,,,,,,,,,,,,,,,,,,,,,,,,,,,,,,,,,,,,,,,,,,,,,,,,,,,,,,,,,
wpn_t9_magnum_shot_npc,,,skye_ports\t9_magnum\fire\wpn_t9_magnum_shot4.wav,,,wpn_t9_shot_npc,,,,,,,,,,,,,,,,,,,,,,,,,,,,,,,,,,,,,,,,,,,,,,,,,,,,,,,,,,,,,,,,,,,,,,,,,,,,,,,,,,,,,,,,,,,,,,,
wpn_t9_magnum_shot_npc,,,skye_ports\t9_magnum\fire\wpn_t9_magnum_shot5.wav,,,wpn_t9_shot_npc,,,,,,,,,,,,,,,,,,,,,,,,,,,,,,,,,,,,,,,,,,,,,,,,,,,,,,,,,,,,,,,,,,,,,,,,,,,,,,,,,,,,,,,,,,,,,,,
wpn_t9_magnum_shot_npc,,,skye_ports\t9_magnum\fire\wpn_t9_magnum_shot6.wav,,,wpn_t9_shot_npc,,,,,,,,,,,,,,,,,,,,,,,,,,,,,,,,,,,,,,,,,,,,,,,,,,,,,,,,,,,,,,,,,,,,,,,,,,,,,,,,,,,,,,,,,,,,,,,
wpn_t9_magnum_pap_shot_plr,,,skye_ports\t9_magnum\fire\wpn_t9_magnum_shot1.wav,,,wpn_t9_shot_plr,,wpn_t9_magnum_pap_flux_plr,,,,,,,,,,,,,,,,,,,,,,,,,,,,,,,,,,,,,,,,,,,,,,,,,,,,,,,,,,,,,,,,,,,,,,,,,,,,,,,,,,,,,,,,,,,,,
wpn_t9_magnum_pap_shot_plr,,,skye_ports\t9_magnum\fire\wpn_t9_magnum_shot2.wav,,,wpn_t9_shot_plr,,wpn_t9_magnum_pap_flux_plr,,,,,,,,,,,,,,,,,,,,,,,,,,,,,,,,,,,,,,,,,,,,,,,,,,,,,,,,,,,,,,,,,,,,,,,,,,,,,,,,,,,,,,,,,,,,,
wpn_t9_magnum_pap_shot_plr,,,skye_ports\t9_magnum\fire\wpn_t9_magnum_shot3.wav,,,wpn_t9_shot_plr,,wpn_t9_magnum_pap_flux_plr,,,,,,,,,,,,,,,,,,,,,,,,,,,,,,,,,,,,,,,,,,,,,,,,,,,,,,,,,,,,,,,,,,,,,,,,,,,,,,,,,,,,,,,,,,,,,
wpn_t9_magnum_pap_shot_plr,,,skye_ports\t9_magnum\fire\wpn_t9_magnum_shot4.wav,,,wpn_t9_shot_plr,,wpn_t9_magnum_pap_flux_plr,,,,,,,,,,,,,,,,,,,,,,,,,,,,,,,,,,,,,,,,,,,,,,,,,,,,,,,,,,,,,,,,,,,,,,,,,,,,,,,,,,,,,,,,,,,,,
wpn_t9_magnum_pap_shot_plr,,,skye_ports\t9_magnum\fire\wpn_t9_magnum_shot5.wav,,,wpn_t9_shot_plr,,wpn_t9_magnum_pap_flux_plr,,,,,,,,,,,,,,,,,,,,,,,,,,,,,,,,,,,,,,,,,,,,,,,,,,,,,,,,,,,,,,,,,,,,,,,,,,,,,,,,,,,,,,,,,,,,,
wpn_t9_magnum_pap_shot_plr,,,skye_ports\t9_magnum\fire\wpn_t9_magnum_shot6.wav,,,wpn_t9_shot_plr,,wpn_t9_magnum_pap_flux_plr,,,,,,,,,,,,,,,,,,,,,,,,,,,,,,,,,,,,,,,,,,,,,,,,,,,,,,,,,,,,,,,,,,,,,,,,,,,,,,,,,,,,,,,,,,,,,
wpn_t9_magnum_pap_shot_npc,,,skye_ports\t9_magnum\fire\wpn_t9_magnum_shot1.wav,,,wpn_t9_shot_npc,,wpn_t9_magnum_pap_flux_npc,,,,,,,,,,,,,,,,,,,,,,,,,,,,,,,,,,,,,,,,,,,,,,,,,,,,,,,,,,,,,,,,,,,,,,,,,,,,,,,,,,,,,,,,,,,,,
wpn_t9_magnum_pap_shot_npc,,,skye_ports\t9_magnum\fire\wpn_t9_magnum_shot2.wav,,,wpn_t9_shot_npc,,wpn_t9_magnum_pap_flux_npc,,,,,,,,,,,,,,,,,,,,,,,,,,,,,,,,,,,,,,,,,,,,,,,,,,,,,,,,,,,,,,,,,,,,,,,,,,,,,,,,,,,,,,,,,,,,,
wpn_t9_magnum_pap_shot_npc,,,skye_ports\t9_magnum\fire\wpn_t9_magnum_shot3.wav,,,wpn_t9_shot_npc,,wpn_t9_magnum_pap_flux_npc,,,,,,,,,,,,,,,,,,,,,,,,,,,,,,,,,,,,,,,,,,,,,,,,,,,,,,,,,,,,,,,,,,,,,,,,,,,,,,,,,,,,,,,,,,,,,
wpn_t9_magnum_pap_shot_npc,,,skye_ports\t9_magnum\fire\wpn_t9_magnum_shot4.wav,,,wpn_t9_shot_npc,,wpn_t9_magnum_pap_flux_npc,,,,,,,,,,,,,,,,,,,,,,,,,,,,,,,,,,,,,,,,,,,,,,,,,,,,,,,,,,,,,,,,,,,,,,,,,,,,,,,,,,,,,,,,,,,,,
wpn_t9_magnum_pap_shot_npc,,,skye_ports\t9_magnum\fire\wpn_t9_magnum_shot5.wav,,,wpn_t9_shot_npc,,wpn_t9_magnum_pap_flux_npc,,,,,,,,,,,,,,,,,,,,,,,,,,,,,,,,,,,,,,,,,,,,,,,,,,,,,,,,,,,,,,,,,,,,,,,,,,,,,,,,,,,,,,,,,,,,,
wpn_t9_magnum_pap_shot_npc,,,skye_ports\t9_magnum\fire\wpn_t9_magnum_shot6.wav,,,wpn_t9_shot_npc,,wpn_t9_magnum_pap_flux_npc,,,,,,,,,,,,,,,,,,,,,,,,,,,,,,,,,,,,,,,,,,,,,,,,,,,,,,,,,,,,,,,,,,,,,,,,,,,,,,,,,,,,,,,,,,,,,
wpn_t9_magnum_mech_plr,,,skye_ports\t9_magnum\fire\wpn_t9_magnum_mech1.wav,,,wpn_t9_shot_plr,,wpn_t9_magnum_sub_plr,,,,,,,,,,,,,,,,,,,,,,,,,,,,,,,,,,,,,,,,,,,,,,,,,,,,,,,,,,,,,,,,,,,,,,,,,,,,,,,,,,,,,,,,,,,,,
wpn_t9_magnum_mech_plr,,,skye_ports\t9_magnum\fire\wpn_t9_magnum_mech2.wav,,,wpn_t9_shot_plr,,wpn_t9_magnum_sub_plr,,,,,,,,,,,,,,,,,,,,,,,,,,,,,,,,,,,,,,,,,,,,,,,,,,,,,,,,,,,,,,,,,,,,,,,,,,,,,,,,,,,,,,,,,,,,,
wpn_t9_magnum_mech_plr,,,skye_ports\t9_magnum\fire\wpn_t9_magnum_mech3.wav,,,wpn_t9_shot_plr,,wpn_t9_magnum_sub_plr,,,,,,,,,,,,,,,,,,,,,,,,,,,,,,,,,,,,,,,,,,,,,,,,,,,,,,,,,,,,,,,,,,,,,,,,,,,,,,,,,,,,,,,,,,,,,
wpn_t9_magnum_mech_plr,,,skye_ports\t9_magnum\fire\wpn_t9_magnum_mech4.wav,,,wpn_t9_shot_plr,,wpn_t9_magnum_sub_plr,,,,,,,,,,,,,,,,,,,,,,,,,,,,,,,,,,,,,,,,,,,,,,,,,,,,,,,,,,,,,,,,,,,,,,,,,,,,,,,,,,,,,,,,,,,,,
wpn_t9_magnum_mech_plr,,,skye_ports\t9_magnum\fire\wpn_t9_magnum_mech5.wav,,,wpn_t9_shot_plr,,wpn_t9_magnum_sub_plr,,,,,,,,,,,,,,,,,,,,,,,,,,,,,,,,,,,,,,,,,,,,,,,,,,,,,,,,,,,,,,,,,,,,,,,,,,,,,,,,,,,,,,,,,,,,,
wpn_t9_magnum_mech_plr,,,skye_ports\t9_magnum\fire\wpn_t9_magnum_mech6.wav,,,wpn_t9_shot_plr,,wpn_t9_magnum_sub_plr,,,,,,,,,,,,,,,,,,,,,,,,,,,,,,,,,,,,,,,,,,,,,,,,,,,,,,,,,,,,,,,,,,,,,,,,,,,,,,,,,,,,,,,,,,,,,
wpn_t9_magnum_mech_npc,,,skye_ports\t9_magnum\fire\wpn_t9_magnum_mech1.wav,,,wpn_t9_shot_npc,,wpn_t9_magnum_sub_npc,,,,,,,,,,,,,,,,,,,,,,,,,,,,,,,,,,,,,,,,,,,,,,,,,,,,,,,,,,,,,,,,,,,,,,,,,,,,,,,,,,,,,,,,,,,,,
wpn_t9_magnum_mech_npc,,,skye_ports\t9_magnum\fire\wpn_t9_magnum_mech2.wav,,,wpn_t9_shot_npc,,wpn_t9_magnum_sub_npc,,,,,,,,,,,,,,,,,,,,,,,,,,,,,,,,,,,,,,,,,,,,,,,,,,,,,,,,,,,,,,,,,,,,,,,,,,,,,,,,,,,,,,,,,,,,,
wpn_t9_magnum_mech_npc,,,skye_ports\t9_magnum\fire\wpn_t9_magnum_mech3.wav,,,wpn_t9_shot_npc,,wpn_t9_magnum_sub_npc,,,,,,,,,,,,,,,,,,,,,,,,,,,,,,,,,,,,,,,,,,,,,,,,,,,,,,,,,,,,,,,,,,,,,,,,,,,,,,,,,,,,,,,,,,,,,
wpn_t9_magnum_mech_npc,,,skye_ports\t9_magnum\fire\wpn_t9_magnum_mech4.wav,,,wpn_t9_shot_npc,,wpn_t9_magnum_sub_npc,,,,,,,,,,,,,,,,,,,,,,,,,,,,,,,,,,,,,,,,,,,,,,,,,,,,,,,,,,,,,,,,,,,,,,,,,,,,,,,,,,,,,,,,,,,,,
wpn_t9_magnum_mech_npc,,,skye_ports\t9_magnum\fire\wpn_t9_magnum_mech5.wav,,,wpn_t9_shot_npc,,wpn_t9_magnum_sub_npc,,,,,,,,,,,,,,,,,,,,,,,,,,,,,,,,,,,,,,,,,,,,,,,,,,,,,,,,,,,,,,,,,,,,,,,,,,,,,,,,,,,,,,,,,,,,,
wpn_t9_magnum_mech_npc,,,skye_ports\t9_magnum\fire\wpn_t9_magnum_mech6.wav,,,wpn_t9_shot_npc,,wpn_t9_magnum_sub_npc,,,,,,,,,,,,,,,,,,,,,,,,,,,,,,,,,,,,,,,,,,,,,,,,,,,,,,,,,,,,,,,,,,,,,,,,,,,,,,,,,,,,,,,,,,,,,
wpn_t9_magnum_sub_plr,,,skye_ports\t9_magnum\fire\wpn_t9_magnum_sub.wav,,,wpn_t9_shot_plr,,wpn_t9_magnum_tail_plr,,,,,,,,,,,,,,,,,,,,,,,,,,,,,,,,,,,,,,,,,,,,,,,,,,,,,,,,,,,,,,,,,,,,,,,,,,,,,,,,,,,,,,,,,,,,,
wpn_t9_magnum_sub_npc,,,skye_ports\t9_magnum\fire\wpn_t9_magnum_sub.wav,,,wpn_t9_shot_npc,,wpn_t9_magnum_tail_npc,,,,,,,,,,,,,,,,,,,,,,,,,,,,,,,,,,,,,,,,,,,,,,,,,,,,,,,,,,,,,,,,,,,,,,,,,,,,,,,,,,,,,,,,,,,,,
wpn_t9_magnum_tail_plr,,,skye_ports\t9_common\reverb\exterior\ar\wpn_t9_reverb_ar1_ext1.wav,,,wpn_t9_reverb_ext_plr,,,,,,,,,,,,,,,,,,,,,,,,,,,,,,,,,,,,,,,,,,,,,,,,,,,,,,,,,,,,,,,,,,,,,,,,,,,,,,,,,,,,,,,,,,,,,,,
wpn_t9_magnum_tail_plr,,,skye_ports\t9_common\reverb\exterior\ar\wpn_t9_reverb_ar1_ext2.wav,,,wpn_t9_reverb_ext_plr,,,,,,,,,,,,,,,,,,,,,,,,,,,,,,,,,,,,,,,,,,,,,,,,,,,,,,,,,,,,,,,,,,,,,,,,,,,,,,,,,,,,,,,,,,,,,,,
wpn_t9_magnum_tail_plr,,,skye_ports\t9_common\reverb\exterior\ar\wpn_t9_reverb_ar1_ext3.wav,,,wpn_t9_reverb_ext_plr,,,,,,,,,,,,,,,,,,,,,,,,,,,,,,,,,,,,,,,,,,,,,,,,,,,,,,,,,,,,,,,,,,,,,,,,,,,,,,,,,,,,,,,,,,,,,,,
wpn_t9_magnum_tail_plr,,,skye_ports\t9_common\reverb\exterior\ar\wpn_t9_reverb_ar1_ext4.wav,,,wpn_t9_reverb_ext_plr,,,,,,,,,,,,,,,,,,,,,,,,,,,,,,,,,,,,,,,,,,,,,,,,,,,,,,,,,,,,,,,,,,,,,,,,,,,,,,,,,,,,,,,,,,,,,,,
wpn_t9_magnum_tail_plr,,,skye_ports\t9_common\reverb\exterior\ar\wpn_t9_reverb_ar1_ext5.wav,,,wpn_t9_reverb_ext_plr,,,,,,,,,,,,,,,,,,,,,,,,,,,,,,,,,,,,,,,,,,,,,,,,,,,,,,,,,,,,,,,,,,,,,,,,,,,,,,,,,,,,,,,,,,,,,,,
wpn_t9_magnum_tail_plr,,,skye_ports\t9_common\reverb\exterior\ar\wpn_t9_reverb_ar1_ext6.wav,,,wpn_t9_reverb_ext_plr,,,,,,,,,,,,,,,,,,,,,,,,,,,,,,,,,,,,,,,,,,,,,,,,,,,,,,,,,,,,,,,,,,,,,,,,,,,,,,,,,,,,,,,,,,,,,,,
wpn_t9_magnum_tail_npc,,,skye_ports\t9_common\reverb\exterior\ar\wpn_t9_reverb_ar1_ext1.wav,,,wpn_t9_reverb_ext_npc,,,,,,,,,,,,,,,,,,,,,,,,,,,,,,,,,,,,,,,,,,,,,,,,,,,,,,,,,,,,,,,,,,,,,,,,,,,,,,,,,,,,,,,,,,,,,,,
wpn_t9_magnum_tail_npc,,,skye_ports\t9_common\reverb\exterior\ar\wpn_t9_reverb_ar1_ext2.wav,,,wpn_t9_reverb_ext_npc,,,,,,,,,,,,,,,,,,,,,,,,,,,,,,,,,,,,,,,,,,,,,,,,,,,,,,,,,,,,,,,,,,,,,,,,,,,,,,,,,,,,,,,,,,,,,,,
wpn_t9_magnum_tail_npc,,,skye_ports\t9_common\reverb\exterior\ar\wpn_t9_reverb_ar1_ext3.wav,,,wpn_t9_reverb_ext_npc,,,,,,,,,,,,,,,,,,,,,,,,,,,,,,,,,,,,,,,,,,,,,,,,,,,,,,,,,,,,,,,,,,,,,,,,,,,,,,,,,,,,,,,,,,,,,,,
wpn_t9_magnum_tail_npc,,,skye_ports\t9_common\reverb\exterior\ar\wpn_t9_reverb_ar1_ext4.wav,,,wpn_t9_reverb_ext_npc,,,,,,,,,,,,,,,,,,,,,,,,,,,,,,,,,,,,,,,,,,,,,,,,,,,,,,,,,,,,,,,,,,,,,,,,,,,,,,,,,,,,,,,,,,,,,,,
wpn_t9_magnum_tail_npc,,,skye_ports\t9_common\reverb\exterior\ar\wpn_t9_reverb_ar1_ext5.wav,,,wpn_t9_reverb_ext_npc,,,,,,,,,,,,,,,,,,,,,,,,,,,,,,,,,,,,,,,,,,,,,,,,,,,,,,,,,,,,,,,,,,,,,,,,,,,,,,,,,,,,,,,,,,,,,,,
wpn_t9_magnum_tail_npc,,,skye_ports\t9_common\reverb\exterior\ar\wpn_t9_reverb_ar1_ext6.wav,,,wpn_t9_reverb_ext_npc,,,,,,,,,,,,,,,,,,,,,,,,,,,,,,,,,,,,,,,,,,,,,,,,,,,,,,,,,,,,,,,,,,,,,,,,,,,,,,,,,,,,,,,,,,,,,,,
wpn_t9_magnum_tail_plr,,,skye_ports\t9_common\reverb\interior\ar\wpn_t9_reverb_ar_int1.wav,,,wpn_t9_reverb_int_plr,,,,,,,,,,,,,,,,,,,,,,,,,,,,,,,,,,,,,,,,,,,,,,,,,,,,,,,,,,,,,,,,,,,,,,,,,,,,,,,,,,,,,,,,,,,,,,,
wpn_t9_magnum_tail_plr,,,skye_ports\t9_common\reverb\interior\ar\wpn_t9_reverb_ar_int2.wav,,,wpn_t9_reverb_int_plr,,,,,,,,,,,,,,,,,,,,,,,,,,,,,,,,,,,,,,,,,,,,,,,,,,,,,,,,,,,,,,,,,,,,,,,,,,,,,,,,,,,,,,,,,,,,,,,
wpn_t9_magnum_tail_plr,,,skye_ports\t9_common\reverb\interior\ar\wpn_t9_reverb_ar_int3.wav,,,wpn_t9_reverb_int_plr,,,,,,,,,,,,,,,,,,,,,,,,,,,,,,,,,,,,,,,,,,,,,,,,,,,,,,,,,,,,,,,,,,,,,,,,,,,,,,,,,,,,,,,,,,,,,,,
wpn_t9_magnum_tail_plr,,,skye_ports\t9_common\reverb\interior\ar\wpn_t9_reverb_ar_int4.wav,,,wpn_t9_reverb_int_plr,,,,,,,,,,,,,,,,,,,,,,,,,,,,,,,,,,,,,,,,,,,,,,,,,,,,,,,,,,,,,,,,,,,,,,,,,,,,,,,,,,,,,,,,,,,,,,,
wpn_t9_magnum_tail_npc,,,skye_ports\t9_common\reverb\interior\ar\wpn_t9_reverb_ar_int1.wav,,,wpn_t9_reverb_int_npc,,,,,,,,,,,,,,,,,,,,,,,,,,,,,,,,,,,,,,,,,,,,,,,,,,,,,,,,,,,,,,,,,,,,,,,,,,,,,,,,,,,,,,,,,,,,,,,
wpn_t9_magnum_tail_npc,,,skye_ports\t9_common\reverb\interior\ar\wpn_t9_reverb_ar_int2.wav,,,wpn_t9_reverb_int_npc,,,,,,,,,,,,,,,,,,,,,,,,,,,,,,,,,,,,,,,,,,,,,,,,,,,,,,,,,,,,,,,,,,,,,,,,,,,,,,,,,,,,,,,,,,,,,,,
wpn_t9_magnum_tail_npc,,,skye_ports\t9_common\reverb\interior\ar\wpn_t9_reverb_ar_int3.wav,,,wpn_t9_reverb_int_npc,,,,,,,,,,,,,,,,,,,,,,,,,,,,,,,,,,,,,,,,,,,,,,,,,,,,,,,,,,,,,,,,,,,,,,,,,,,,,,,,,,,,,,,,,,,,,,,
wpn_t9_magnum_tail_npc,,,skye_ports\t9_common\reverb\interior\ar\wpn_t9_reverb_ar_int4.wav,,,wpn_t9_reverb_int_npc,,,,,,,,,,,,,,,,,,,,,,,,,,,,,,,,,,,,,,,,,,,,,,,,,,,,,,,,,,,,,,,,,,,,,,,,,,,,,,,,,,,,,,,,,,,,,,,
wpn_t9_magnum_pap_flux_plr,,,skye_ports\t9_magnum\fire\wpn_t9_magnum_pap_flux.wav,,,wpn_t9_pap_shot_plr,,,,,,,,,,,,,,,,,,,,,,,,,,,,,,,,,,,,,,,,,,,,,,,,,,,,,,,,,,,,,,,,,,,,,,,,,,,,,,,,,,,,,,,,,,,,,,,
wpn_t9_magnum_pap_flux_npc,,,skye_ports\t9_magnum\fire\wpn_t9_magnum_pap_flux.wav,,,wpn_t9_pap_shot_npc,,,,,,,,,,,,,,,,,,,,,,,,,,,,,,,,,,,,,,,,,,,,,,,,,,,,,,,,,,,,,,,,,,,,,,,,,,,,,,,,,,,,,,,,,,,,,,,
wpn_t9_magnum_bullets_in,,,skye_ports\t9_magnum\foley\wpn_t9_magnum_bullets_in.wav,,,wpn_t9_reload_plr,,,,,,,,,,,,,,,,,,,,,,,,,,,,,,,,,,,,,,,,,,,,,,,,,,,,,,,,,,,,,,,,,,,,,,,,,,,,,,,,,,,,,,,,,,,,,,,
wpn_t9_magnum_bullets_out,,,skye_ports\t9_magnum\foley\wpn_t9_magnum_bullets_out1.wav,,,wpn_t9_reload_plr,,,,,,,,,,,,,,,,,,,,,,,,,,,,,,,,,,,,,,,,,,,,,,,,,,,,,,,,,,,,,,,,,,,,,,,,,,,,,,,,,,,,,,,,,,,,,,,
wpn_t9_magnum_bullets_out,,,skye_ports\t9_magnum\foley\wpn_t9_magnum_bullets_out2.wav,,,wpn_t9_reload_plr,,,,,,,,,,,,,,,,,,,,,,,,,,,,,,,,,,,,,,,,,,,,,,,,,,,,,,,,,,,,,,,,,,,,,,,,,,,,,,,,,,,,,,,,,,,,,,,
wpn_t9_magnum_bullets_out,,,skye_ports\t9_magnum\foley\wpn_t9_magnum_bullets_out3.wav,,,wpn_t9_reload_plr,,,,,,,,,,,,,,,,,,,,,,,,,,,,,,,,,,,,,,,,,,,,,,,,,,,,,,,,,,,,,,,,,,,,,,,,,,,,,,,,,,,,,,,,,,,,,,,
wpn_t9_magnum_bullets_out,,,skye_ports\t9_magnum\foley\wpn_t9_magnum_bullets_out4.wav,,,wpn_t9_reload_plr,,,,,,,,,,,,,,,,,,,,,,,,,,,,,,,,,,,,,,,,,,,,,,,,,,,,,,,,,,,,,,,,,,,,,,,,,,,,,,,,,,,,,,,,,,,,,,,
wpn_t9_magnum_bullets_out,,,skye_ports\t9_magnum\foley\wpn_t9_magnum_bullets_out5.wav,,,wpn_t9_reload_plr,,,,,,,,,,,,,,,,,,,,,,,,,,,,,,,,,,,,,,,,,,,,,,,,,,,,,,,,,,,,,,,,,,,,,,,,,,,,,,,,,,,,,,,,,,,,,,,
wpn_t9_magnum_cylinder_close,,,skye_ports\t9_magnum\foley\wpn_t9_magnum_cylinder_close1.wav,,,wpn_t9_reload_plr,,,,,,,,,,,,,,,,,,,,,,,,,,,,,,,,,,,,,,,,,,,,,,,,,,,,,,,,,,,,,,,,,,,,,,,,,,,,,,,,,,,,,,,,,,,,,,,
wpn_t9_magnum_cylinder_close,,,skye_ports\t9_magnum\foley\wpn_t9_magnum_cylinder_close2.wav,,,wpn_t9_reload_plr,,,,,,,,,,,,,,,,,,,,,,,,,,,,,,,,,,,,,,,,,,,,,,,,,,,,,,,,,,,,,,,,,,,,,,,,,,,,,,,,,,,,,,,,,,,,,,,
wpn_t9_magnum_cylinder_open,,,skye_ports\t9_magnum\foley\wpn_t9_magnum_cylinder_open.wav,,,wpn_t9_reload_plr,,,,,,,,,,,,,,,,,,,,,,,,,,,,,,,,,,,,,,,,,,,,,,,,,,,,,,,,,,,,,,,,,,,,,,,,,,,,,,,,,,,,,,,,,,,,,,,
wpn_t9_magnum_inspect_part1,,,skye_ports\t9_magnum\foley\wpn_t9_magnum_inspect_part1.wav,,,wpn_t9_reload_plr,,,,,,,,,,,,,,,,,,,,,,,,,,,,,,,,,,,,,,,,,,,,,,,,,,,,,,,,,,,,,,,,,,,,,,,,,,,,,,,,,,,,,,,,,,,,,,,
wpn_t9_magnum_inspect_part2,,,skye_ports\t9_magnum\foley\wpn_t9_magnum_inspect_part2.wav,,,wpn_t9_reload_plr,,,,,,,,,,,,,,,,,,,,,,,,,,,,,,,,,,,,,,,,,,,,,,,,,,,,,,,,,,,,,,,,,,,,,,,,,,,,,,,,,,,,,,,,,,,,,,,
wpn_t9_magnum_inspect_part3,,,skye_ports\t9_magnum\foley\wpn_t9_magnum_inspect_part3.wav,,,wpn_t9_reload_plr,,,,,,,,,,,,,,,,,,,,,,,,,,,,,,,,,,,,,,,,,,,,,,,,,,,,,,,,,,,,,,,,,,,,,,,,,,,,,,,,,,,,,,,,,,,,,,,
wpn_t9_magnum_push_rod,,,skye_ports\t9_magnum\foley\wpn_t9_magnum_push_rod.wav,,,wpn_t9_reload_plr,,,,,,,,,,,,,,,,,,,,,,,,,,,,,,,,,,,,,,,,,,,,,,,,,,,,,,,,,,,,,,,,,,,,,,,,,,,,,,,,,,,,,,,,,,,,,,,
wpn_t9_streetsweeper_shot_plr,,,skye_ports\t9_streetsweeper\fire\wpn_t9_streetsweeper_shot1.wav,,,UIN_MOD,,,,,BUS_FX,,,,,,80,85,,,,,,,,,,,,,,,,,,,2d,,,NONLOOPING,,,,,,,,,,,,,,,,,,,,,,,,,,,,,,,,,,,,,,,,,,,,,,,,,,,,,,,,,,,,,
wpn_t9_streetsweeper_shot_npc,,,skye_ports\t9_streetsweeper\fire\wpn_t9_streetsweeper_shot1.wav,,,UIN_MOD,,,,,BUS_FX,,,,,,80,80,0,1000,1000,,,,,,,,,,,,,,,,3d,,,NONLOOPING,,,,,,,,,,,,,,,,,,,,,,,,,,,,,,,,,,,,,,,,,,,,,,,,,,,,,,,,,,,,,
wpn_t9_streetsweeper_shot_plr,,,skye_ports\t9_streetsweeper\fire\wpn_t9_streetsweeper_shot2.wav,,,UIN_MOD,,,,,BUS_FX,,,,,,80,85,,,,,,,,,,,,,,,,,,,2d,,,NONLOOPING,,,,,,,,,,,,,,,,,,,,,,,,,,,,,,,,,,,,,,,,,,,,,,,,,,,,,,,,,,,,,
wpn_t9_streetsweeper_shot_npc,,,skye_ports\t9_streetsweeper\fire\wpn_t9_streetsweeper_shot2.wav,,,UIN_MOD,,,,,BUS_FX,,,,,,80,80,0,1000,1000,,,,,,,,,,,,,,,,3d,,,NONLOOPING,,,,,,,,,,,,,,,,,,,,,,,,,,,,,,,,,,,,,,,,,,,,,,,,,,,,,,,,,,,,,
wpn_t9_streetsweeper_shot_plr,,,skye_ports\t9_streetsweeper\fire\wpn_t9_streetsweeper_shot3.wav,,,UIN_MOD,,,,,BUS_FX,,,,,,80,85,,,,,,,,,,,,,,,,,,,2d,,,NONLOOPING,,,,,,,,,,,,,,,,,,,,,,,,,,,,,,,,,,,,,,,,,,,,,,,,,,,,,,,,,,,,,
wpn_t9_streetsweeper_shot_npc,,,skye_ports\t9_streetsweeper\fire\wpn_t9_streetsweeper_shot3.wav,,,UIN_MOD,,,,,BUS_FX,,,,,,80,80,0,1000,1000,,,,,,,,,,,,,,,,3d,,,NONLOOPING,,,,,,,,,,,,,,,,,,,,,,,,,,,,,,,,,,,,,,,,,,,,,,,,,,,,,,,,,,,,,
wpn_t9_streetsweeper_shot_plr,,,skye_ports\t9_streetsweeper\fire\wpn_t9_streetsweeper_shot4.wav,,,UIN_MOD,,,,,BUS_FX,,,,,,80,85,,,,,,,,,,,,,,,,,,,2d,,,NONLOOPING,,,,,,,,,,,,,,,,,,,,,,,,,,,,,,,,,,,,,,,,,,,,,,,,,,,,,,,,,,,,,
wpn_t9_streetsweeper_shot_npc,,,skye_ports\t9_streetsweeper\fire\wpn_t9_streetsweeper_shot4.wav,,,UIN_MOD,,,,,BUS_FX,,,,,,80,80,0,1000,1000,,,,,,,,,,,,,,,,3d,,,NONLOOPING,,,,,,,,,,,,,,,,,,,,,,,,,,,,,,,,,,,,,,,,,,,,,,,,,,,,,,,,,,,,,
wpn_t9_streetsweeper_shot_plr,,,skye_ports\t9_streetsweeper\fire\wpn_t9_streetsweeper_shot5.wav,,,UIN_MOD,,,,,BUS_FX,,,,,,80,85,,,,,,,,,,,,,,,,,,,2d,,,NONLOOPING,,,,,,,,,,,,,,,,,,,,,,,,,,,,,,,,,,,,,,,,,,,,,,,,,,,,,,,,,,,,,
wpn_t9_streetsweeper_shot_npc,,,skye_ports\t9_streetsweeper\fire\wpn_t9_streetsweeper_shot5.wav,,,UIN_MOD,,,,,BUS_FX,,,,,,80,80,0,1000,1000,,,,,,,,,,,,,,,,3d,,,NONLOOPING,,,,,,,,,,,,,,,,,,,,,,,,,,,,,,,,,,,,,,,,,,,,,,,,,,,,,,,,,,,,,
wpn_t9_streetsweeper_shot_plr,,,skye_ports\t9_streetsweeper\fire\wpn_t9_streetsweeper_shot6.wav,,,UIN_MOD,,,,,BUS_FX,,,,,,80,85,,,,,,,,,,,,,,,,,,,2d,,,NONLOOPING,,,,,,,,,,,,,,,,,,,,,,,,,,,,,,,,,,,,,,,,,,,,,,,,,,,,,,,,,,,,,
wpn_t9_streetsweeper_shot_npc,,,skye_ports\t9_streetsweeper\fire\wpn_t9_streetsweeper_shot6.wav,,,UIN_MOD,,,,,BUS_FX,,,,,,80,80,0,1000,1000,,,,,,,,,,,,,,,,3d,,,NONLOOPING,,,,,,,,,,,,,,,,,,,,,,,,,,,,,,,,,,,,,,,,,,,,,,,,,,,,,,,,,,,,,
wpn_t9_streetsweeper_pap_shot_plr,,,skye_ports\t9_streetsweeper\fire\wpn_t9_streetsweeper_pap_flux.wav,,,UIN_MOD,,,,,BUS_FX,,,,,,80,85,,,,,,,,,,,,,,,,,,,2d,,,NONLOOPING,,,,,,,,,,,,,,,,,,,,,,,,,,,,,,,,,,,,,,,,,,,,,,,,,,,,,,,,,,,,,
wpn_t9_streetsweeper_pap_shot_npc,,,skye_ports\t9_streetsweeper\fire\wpn_t9_streetsweeper_pap_flux.wav,,,UIN_MOD,,,,,BUS_FX,,,,,,80,80,0,1000,1000,,,,,,,,,,,,,,,,3d,,,NONLOOPING,,,,,,,,,,,,,,,,,,,,,,,,,,,,,,,,,,,,,,,,,,,,,,,,,,,,,,,,,,,,,
wpn_t9_streetsweeper_end,,,skye_ports\t9_streetsweeper\foley\wpn_t9_streetsweeper_end.wav,,,UIN_MOD,,,,,BUS_FX,,,,,,,,,,,,,,,,,,,,,,,,,,2d,,,NONLOOPING,,,,,,,,,,,,,,,,,,,,,,,,,,,,,,,,,,,,,,,,,,,,,,,,,,,,,,,,,,,,,
wpn_t9_streetsweeper_first_raise_part1,,,skye_ports\t9_streetsweeper\foley\wpn_t9_streetsweeper_first_raise_part1.wav,,,UIN_MOD,,,,,BUS_FX,,,,,,,,,,,,,,,,,,,,,,,,,,2d,,,NONLOOPING,,,,,,,,,,,,,,,,,,,,,,,,,,,,,,,,,,,,,,,,,,,,,,,,,,,,,,,,,,,,,
wpn_t9_streetsweeper_first_raise_part2,,,skye_ports\t9_streetsweeper\foley\wpn_t9_streetsweeper_first_raise_part2.wav,,,UIN_MOD,,,,,BUS_FX,,,,,,,,,,,,,,,,,,,,,,,,,,2d,,,NONLOOPING,,,,,,,,,,,,,,,,,,,,,,,,,,,,,,,,,,,,,,,,,,,,,,,,,,,,,,,,,,,,,
wpn_t9_streetsweeper_first_raise_part3,,,skye_ports\t9_streetsweeper\foley\wpn_t9_streetsweeper_first_raise_part3.wav,,,UIN_MOD,,,,,BUS_FX,,,,,,,,,,,,,,,,,,,,,,,,,,2d,,,NONLOOPING,,,,,,,,,,,,,,,,,,,,,,,,,,,,,,,,,,,,,,,,,,,,,,,,,,,,,,,,,,,,,
wpn_t9_streetsweeper_inspect_part1,,,skye_ports\t9_streetsweeper\foley\wpn_t9_streetsweeper_inspect_part1.wav,,,UIN_MOD,,,,,BUS_FX,,,,,,,,,,,,,,,,,,,,,,,,,,2d,,,NONLOOPING,,,,,,,,,,,,,,,,,,,,,,,,,,,,,,,,,,,,,,,,,,,,,,,,,,,,,,,,,,,,,
wpn_t9_streetsweeper_inspect_part2,,,skye_ports\t9_streetsweeper\foley\wpn_t9_streetsweeper_inspect_part2.wav,,,UIN_MOD,,,,,BUS_FX,,,,,,,,,,,,,,,,,,,,,,,,,,2d,,,NONLOOPING,,,,,,,,,,,,,,,,,,,,,,,,,,,,,,,,,,,,,,,,,,,,,,,,,,,,,,,,,,,,,
wpn_t9_streetsweeper_inspect_part3,,,skye_ports\t9_streetsweeper\foley\wpn_t9_streetsweeper_inspect_part3.wav,,,UIN_MOD,,,,,BUS_FX,,,,,,,,,,,,,,,,,,,,,,,,,,2d,,,NONLOOPING,,,,,,,,,,,,,,,,,,,,,,,,,,,,,,,,,,,,,,,,,,,,,,,,,,,,,,,,,,,,,
wpn_t9_streetsweeper_inspect_part4,,,skye_ports\t9_streetsweeper\foley\wpn_t9_streetsweeper_inspect_part4.wav,,,UIN_MOD,,,,,BUS_FX,,,,,,,,,,,,,,,,,,,,,,,,,,2d,,,NONLOOPING,,,,,,,,,,,,,,,,,,,,,,,,,,,,,,,,,,,,,,,,,,,,,,,,,,,,,,,,,,,,,
wpn_t9_streetsweeper_knob_rotate,,,skye_ports\t9_streetsweeper\foley\wpn_t9_streetsweeper_knob_rotate1.wav,,,UIN_MOD,,,,,BUS_FX,,,,,,,,,,,,,,,,,,,,,,,,,,2d,,,NONLOOPING,,,,,,,,,,,,,,,,,,,,,,,,,,,,,,,,,,,,,,,,,,,,,,,,,,,,,,,,,,,,,
wpn_t9_streetsweeper_knob_rotate,,,skye_ports\t9_streetsweeper\foley\wpn_t9_streetsweeper_knob_rotate2.wav,,,UIN_MOD,,,,,BUS_FX,,,,,,,,,,,,,,,,,,,,,,,,,,2d,,,NONLOOPING,,,,,,,,,,,,,,,,,,,,,,,,,,,,,,,,,,,,,,,,,,,,,,,,,,,,,,,,,,,,,
wpn_t9_streetsweeper_knob_rotate,,,skye_ports\t9_streetsweeper\foley\wpn_t9_streetsweeper_knob_rotate3.wav,,,UIN_MOD,,,,,BUS_FX,,,,,,,,,,,,,,,,,,,,,,,,,,2d,,,NONLOOPING,,,,,,,,,,,,,,,,,,,,,,,,,,,,,,,,,,,,,,,,,,,,,,,,,,,,,,,,,,,,,
wpn_t9_streetsweeper_shell_in,,,skye_ports\t9_streetsweeper\foley\wpn_t9_streetsweeper_shell_in1.wav,,,UIN_MOD,,,,,BUS_FX,,,,,,,,,,,,,,,,,,,,,,,,,,2d,,,NONLOOPING,,,,,,,,,,,,,,,,,,,,,,,,,,,,,,,,,,,,,,,,,,,,,,,,,,,,,,,,,,,,,
wpn_t9_streetsweeper_shell_in,,,skye_ports\t9_streetsweeper\foley\wpn_t9_streetsweeper_shell_in2.wav,,,UIN_MOD,,,,,BUS_FX,,,,,,,,,,,,,,,,,,,,,,,,,,2d,,,NONLOOPING,,,,,,,,,,,,,,,,,,,,,,,,,,,,,,,,,,,,,,,,,,,,,,,,,,,,,,,,,,,,,
wpn_t9_streetsweeper_shell_in,,,skye_ports\t9_streetsweeper\foley\wpn_t9_streetsweeper_shell_in3.wav,,,UIN_MOD,,,,,BUS_FX,,,,,,,,,,,,,,,,,,,,,,,,,,2d,,,NONLOOPING,,,,,,,,,,,,,,,,,,,,,,,,,,,,,,,,,,,,,,,,,,,,,,,,,,,,,,,,,,,,,
wpn_t9_streetsweeper_shell_in,,,skye_ports\t9_streetsweeper\foley\wpn_t9_streetsweeper_shell_in4.wav,,,UIN_MOD,,,,,BUS_FX,,,,,,,,,,,,,,,,,,,,,,,,,,2d,,,NONLOOPING,,,,,,,,,,,,,,,,,,,,,,,,,,,,,,,,,,,,,,,,,,,,,,,,,,,,,,,,,,,,,
wpn_t9_streetsweeper_start,,,skye_ports\t9_streetsweeper\foley\wpn_t9_streetsweeper_start.wav,,,UIN_MOD,,,,,BUS_FX,,,,,,,,,,,,,,,,,,,,,,,,,,2d,,,NONLOOPING,,,,,,,,,,,,,,,,,,,,,,,,,,,,,,,,,,,,,,,,,,,,,,,,,,,,,,,,,,,,,
wpn_t8_mog12_shot_plr,,,skye_ports\t8_mog12\fire\wpn_t8_mog12_shot.wav,,,UIN_MOD,,,,,BUS_FX,,,,,,80,80,,,,,,,,,,,,,,,,,,,2d,,,NONLOOPING,,,,,,,,,,,,,,,,,,,,,,,,,,,,,,,,,,,,,,,,,,,,,,,,,,,,,,,,,,,,,
wpn_t8_mog12_shot_npc,,,skye_ports\t8_mog12\fire\wpn_t8_mog12_shot.wav,,,UIN_MOD,,,,,BUS_FX,,,,,,80,80,0,1000,1000,,,,,,,,,,,,,,,,3d,,,NONLOOPING,,,,,,,,,,,,,,,,,,,,,,,,,,,,,,,,,,,,,,,,,,,,,,,,,,,,,,,,,,,,,
wpn_t8_mog12_pap_shot_plr,,,skye_ports\t8_mog12\fire\wpn_t8_mog12_pap_shot.wav,,,UIN_MOD,,,,,BUS_FX,,,,,,80,80,,,,,,,,,,,,,,,,,,,2d,,,NONLOOPING,,,,,,,,,,,,,,,,,,,,,,,,,,,,,,,,,,,,,,,,,,,,,,,,,,,,,,,,,,,,,
wpn_t8_mog12_pap_shot_npc,,,skye_ports\t8_mog12\fire\wpn_t8_mog12_pap_shot.wav,,,UIN_MOD,,,,,BUS_FX,,,,,,80,80,0,1000,1000,,,,,,,,,,,,,,,,3d,,,NONLOOPING,,,,,,,,,,,,,,,,,,,,,,,,,,,,,,,,,,,,,,,,,,,,,,,,,,,,,,,,,,,,,
wpn_t8_mog12_pump_back,,,skye_ports\t8_mog12\foley\wpn_t8_mog12_pump_back.wav,,,UIN_MOD,,,,,BUS_FX,,,,,,,,,,,,,,,,,,,,,,,,,,2d,,,NONLOOPING,,,,,,,,,,,,,,,,,,,,,,,,,,,,,,,,,,,,,,,,,,,,,,,,,,,,,,,,,,,,,
wpn_t8_mog12_pump_forward,,,skye_ports\t8_mog12\foley\wpn_t8_mog12_pump_forward.wav,,,UIN_MOD,,,,,BUS_FX,,,,,,,,,,,,,,,,,,,,,,,,,,2d,,,NONLOOPING,,,,,,,,,,,,,,,,,,,,,,,,,,,,,,,,,,,,,,,,,,,,,,,,,,,,,,,,,,,,,
wpn_t8_mog12_shell_in1,,,skye_ports\t8_mog12\foley\wpn_t8_mog12_shell_in1.wav,,,UIN_MOD,,,,,BUS_FX,,,,,,,,,,,,,,,,,,,,,,,,,,2d,,,NONLOOPING,,,,,,,,,,,,,,,,,,,,,,,,,,,,,,,,,,,,,,,,,,,,,,,,,,,,,,,,,,,,,
wpn_t8_mog12_shell_in2,,,skye_ports\t8_mog12\foley\wpn_t8_mog12_shell_in2.wav,,,UIN_MOD,,,,,BUS_FX,,,,,,,,,,,,,,,,,,,,,,,,,,2d,,,NONLOOPING,,,,,,,,,,,,,,,,,,,,,,,,,,,,,,,,,,,,,,,,,,,,,,,,,,,,,,,,,,,,,
wpn_t8_mog12_shell_in3,,,skye_ports\t8_mog12\foley\wpn_t8_mog12_shell_in3.wav,,,UIN_MOD,,,,,BUS_FX,,,,,,,,,,,,,,,,,,,,,,,,,,2d,,,NONLOOPING,,,,,,,,,,,,,,,,,,,,,,,,,,,,,,,,,,,,,,,,,,,,,,,,,,,,,,,,,,,,,
wpn_t8_mog12_shell_in4,,,skye_ports\t8_mog12\foley\wpn_t8_mog12_shell_in4.wav,,,UIN_MOD,,,,,BUS_FX,,,,,,,,,,,,,,,,,,,,,,,,,,2d,,,NONLOOPING,,,,,,,,,,,,,,,,,,,,,,,,,,,,,,,,,,,,,,,,,,,,,,,,,,,,,,,,,,,,,
wpn_t8_mog12_shell_in5,,,skye_ports\t8_mog12\foley\wpn_t8_mog12_shell_in5.wav,,,UIN_MOD,,,,,BUS_FX,,,,,,,,,,,,,,,,,,,,,,,,,,2d,,,NONLOOPING,,,,,,,,,,,,,,,,,,,,,,,,,,,,,,,,,,,,,,,,,,,,,,,,,,,,,,,,,,,,,
wpn_t8_mog12_shell_in,,,skye_ports\t8_mog12\foley\wpn_t8_mog12_shell_in1.wav,,,UIN_MOD,,,,,BUS_FX,,,,,,,,,,,,,,,,,,,,,,,,,,2d,,,NONLOOPING,,,,,,,,,,,,,,,,,,,,,,,,,,,,,,,,,,,,,,,,,,,,,,,,,,,,,,,,,,,,,
wpn_t8_mog12_shell_in,,,skye_ports\t8_mog12\foley\wpn_t8_mog12_shell_in2.wav,,,UIN_MOD,,,,,BUS_FX,,,,,,,,,,,,,,,,,,,,,,,,,,2d,,,NONLOOPING,,,,,,,,,,,,,,,,,,,,,,,,,,,,,,,,,,,,,,,,,,,,,,,,,,,,,,,,,,,,,
wpn_t8_mog12_shell_in,,,skye_ports\t8_mog12\foley\wpn_t8_mog12_shell_in3.wav,,,UIN_MOD,,,,,BUS_FX,,,,,,,,,,,,,,,,,,,,,,,,,,2d,,,NONLOOPING,,,,,,,,,,,,,,,,,,,,,,,,,,,,,,,,,,,,,,,,,,,,,,,,,,,,,,,,,,,,,
wpn_t8_mog12_shell_in,,,skye_ports\t8_mog12\foley\wpn_t8_mog12_shell_in4.wav,,,UIN_MOD,,,,,BUS_FX,,,,,,,,,,,,,,,,,,,,,,,,,,2d,,,NONLOOPING,,,,,,,,,,,,,,,,,,,,,,,,,,,,,,,,,,,,,,,,,,,,,,,,,,,,,,,,,,,,,
wpn_t8_mog12_shell_in,,,skye_ports\t8_mog12\foley\wpn_t8_mog12_shell_in5.wav,,,UIN_MOD,,,,,BUS_FX,,,,,,,,,,,,,,,,,,,,,,,,,,2d,,,NONLOOPING,,,,,,,,,,,,,,,,,,,,,,,,,,,,,,,,,,,,,,,,,,,,,,,,,,,,,,,,,,,,,
wpn_t8_mog12_first_raise,,,skye_ports\t6_blundergat\foley\wpn_t6_blundergat_first_raise.wav,,,UIN_MOD,,,,,BUS_FX,,,,,,,,,,,,,,,,,,,,,,,,,,2d,,,NONLOOPING,,,,,,,,,,,,,,,,,,,,,,,,,,,,,,,,,,,,,,,,,,,,,,,,,,,,,,,,,,,,,
wpn_t8_sg12_shot_plr,,,skye_ports\t8_sg12\fire\wpn_t8_sg12_shot.wav,,,UIN_MOD,,,,,BUS_FX,,,,,,80,80,,,,,,,,,,,,,,,,,,,2d,,,NONLOOPING,,,,,,,,,,,,,,,,,,,,,,,,,,,,,,,,,,,,,,,,,,,,,,,,,,,,,,,,,,,,,
wpn_t8_sg12_shot_npc,,,skye_ports\t8_sg12\fire\wpn_t8_sg12_shot.wav,,,UIN_MOD,,,,,BUS_FX,,,,,,80,80,0,1000,1000,,,,,,,,,,,,,,,,3d,,,NONLOOPING,,,,,,,,,,,,,,,,,,,,,,,,,,,,,,,,,,,,,,,,,,,,,,,,,,,,,,,,,,,,,
wpn_t8_sg12_pap_shot_plr,,,skye_ports\t8_sg12\fire\wpn_t8_sg12_pap_shot.wav,,,UIN_MOD,,,,,BUS_FX,,,,,,80,80,,,,,,,,,,,,,,,,,,,2d,,,NONLOOPING,,,,,,,,,,,,,,,,,,,,,,,,,,,,,,,,,,,,,,,,,,,,,,,,,,,,,,,,,,,,,
wpn_t8_sg12_pap_shot_npc,,,skye_ports\t8_sg12\fire\wpn_t8_sg12_pap_shot.wav,,,UIN_MOD,,,,,BUS_FX,,,,,,80,80,0,1000,1000,,,,,,,,,,,,,,,,3d,,,NONLOOPING,,,,,,,,,,,,,,,,,,,,,,,,,,,,,,,,,,,,,,,,,,,,,,,,,,,,,,,,,,,,,
wpn_t8_sg12_bolt_back,,,skye_ports\t8_sg12\foley\wpn_t8_sg12_bolt_back.wav,,,UIN_MOD,,,,,BUS_FX,,,,,,,,,,,,,,,,,,,,,,,,,,2d,,,NONLOOPING,,,,,,,,,,,,,,,,,,,,,,,,,,,,,,,,,,,,,,,,,,,,,,,,,,,,,,,,,,,,,
wpn_t8_sg12_bolt_forward,,,skye_ports\t8_sg12\foley\wpn_t8_sg12_bolt_forward.wav,,,UIN_MOD,,,,,BUS_FX,,,,,,,,,,,,,,,,,,,,,,,,,,2d,,,NONLOOPING,,,,,,,,,,,,,,,,,,,,,,,,,,,,,,,,,,,,,,,,,,,,,,,,,,,,,,,,,,,,,
wpn_t8_sg12_hit,,,skye_ports\t8_sg12\foley\wpn_t8_sg12_hit.wav,,,UIN_MOD,,,,,BUS_FX,,,,,,,,,,,,,,,,,,,,,,,,,,2d,,,NONLOOPING,,,,,,,,,,,,,,,,,,,,,,,,,,,,,,,,,,,,,,,,,,,,,,,,,,,,,,,,,,,,,
wpn_t8_sg12_mag_in,,,skye_ports\t8_sg12\foley\wpn_t8_sg12_mag_in.wav,,,UIN_MOD,,,,,BUS_FX,,,,,,,,,,,,,,,,,,,,,,,,,,2d,,,NONLOOPING,,,,,,,,,,,,,,,,,,,,,,,,,,,,,,,,,,,,,,,,,,,,,,,,,,,,,,,,,,,,,
wpn_t8_sg12_mag_out,,,skye_ports\t8_sg12\foley\wpn_t8_sg12_mag_out.wav,,,UIN_MOD,,,,,BUS_FX,,,,,,,,,,,,,,,,,,,,,,,,,,2d,,,NONLOOPING,,,,,,,,,,,,,,,,,,,,,,,,,,,,,,,,,,,,,,,,,,,,,,,,,,,,,,,,,,,,,
wpn_t8_sg12_first_raise,,,skye_ports\t6_blundergat\foley\wpn_t6_blundergat_first_raise.wav,,,UIN_MOD,,,,,BUS_FX,,,,,,,,,,,,,,,,,,,,,,,,,,2d,,,NONLOOPING,,,,,,,,,,,,,,,,,,,,,,,,,,,,,,,,,,,,,,,,,,,,,,,,,,,,,,,,,,,,,
wpn_t8_rk7_shot_plr,,,skye_ports\t8_rk7\fire\wpn_t8_rk7_shot.wav,,,UIN_MOD,,,,,BUS_FX,,,,,,80,80,,,,,,,,,,,,,,,,,,,2d,,,NONLOOPING,,,,,,,,,,,,,,,,,,,,,,,,,,,,,,,,,,,,,,,,,,,,,,,,,,,,,,,,,,,,,
wpn_t8_rk7_shot_npc,,,skye_ports\t8_rk7\fire\wpn_t8_rk7_shot.wav,,,UIN_MOD,,,,,BUS_FX,,,,,,80,80,0,1000,1000,,,,,,,,,,,,,,,,3d,,,NONLOOPING,,,,,,,,,,,,,,,,,,,,,,,,,,,,,,,,,,,,,,,,,,,,,,,,,,,,,,,,,,,,,
wpn_t8_rk7_pap_shot_plr,,,skye_ports\t8_rk7\fire\wpn_t8_rk7_pap_shot.wav,,,UIN_MOD,,,,,BUS_FX,,,,,,80,80,,,,,,,,,,,,,,,,,,,2d,,,NONLOOPING,,,,,,,,,,,,,,,,,,,,,,,,,,,,,,,,,,,,,,,,,,,,,,,,,,,,,,,,,,,,,
wpn_t8_rk7_pap_shot_npc,,,skye_ports\t8_rk7\fire\wpn_t8_rk7_pap_shot.wav,,,UIN_MOD,,,,,BUS_FX,,,,,,80,80,0,1000,1000,,,,,,,,,,,,,,,,3d,,,NONLOOPING,,,,,,,,,,,,,,,,,,,,,,,,,,,,,,,,,,,,,,,,,,,,,,,,,,,,,,,,,,,,,
wpn_t8_rk7_mag_in,,,skye_ports\t8_rk7\foley\wpn_t8_rk7_mag_in.wav,,,UIN_MOD,,,,,BUS_FX,,,,,,,,,,,,,,,,,,,,,,,,,,2d,,,NONLOOPING,,,,,,,,,,,,,,,,,,,,,,,,,,,,,,,,,,,,,,,,,,,,,,,,,,,,,,,,,,,,,
wpn_t8_rk7_mag_out,,,skye_ports\t8_rk7\foley\wpn_t8_rk7_mag_out.wav,,,UIN_MOD,,,,,BUS_FX,,,,,,,,,,,,,,,,,,,,,,,,,,2d,,,NONLOOPING,,,,,,,,,,,,,,,,,,,,,,,,,,,,,,,,,,,,,,,,,,,,,,,,,,,,,,,,,,,,,
wpn_t8_rk7_slide_back,,,skye_ports\t8_rk7\foley\wpn_t8_rk7_slide_back.wav,,,UIN_MOD,,,,,BUS_FX,,,,,,,,,,,,,,,,,,,,,,,,,,2d,,,NONLOOPING,,,,,,,,,,,,,,,,,,,,,,,,,,,,,,,,,,,,,,,,,,,,,,,,,,,,,,,,,,,,,
wpn_t8_rk7_slide_forward,,,skye_ports\t8_rk7\foley\wpn_t8_rk7_slide_forward.wav,,,UIN_MOD,,,,,BUS_FX,,,,,,,,,,,,,,,,,,,,,,,,,,2d,,,NONLOOPING,,,,,,,,,,,,,,,,,,,,,,,,,,,,,,,,,,,,,,,,,,,,,,,,,,,,,,,,,,,,,
wpn_t8_rk7_first_raise,,,skye_ports\t6_b23r\foley\wpn_t6_b23r_first_raise.wav,,,UIN_MOD,,,,,BUS_FX,,,,,,,,,,,,,,,,,,,,,,,,,,2d,,,NONLOOPING,,,,,,,,,,,,,,,,,,,,,,,,,,,,,,,,,,,,,,,,,,,,,,,,,,,,,,,,,,,,,
wpn_t6_executioner_shot_plr,,,skye_ports\t6_executioner\fire\wpn_t6_executioner_shot.wav,,,UIN_MOD,,,,,BUS_FX,,,,,,80,80,,,,,,,,,,,,,,,,,,,2d,,,NONLOOPING,,,,,,,,,,,,,,,,,,,,,,,,,,,,,,,,,,,,,,,,,,,,,,,,,,,,,,,,,,,,,
wpn_t6_executioner_shot_npc,,,skye_ports\t6_executioner\fire\wpn_t6_executioner_shot.wav,,,UIN_MOD,,,,,BUS_FX,,,,,,80,80,0,1000,1000,,,,,,,,,,,,,,,,3d,,,NONLOOPING,,,,,,,,,,,,,,,,,,,,,,,,,,,,,,,,,,,,,,,,,,,,,,,,,,,,,,,,,,,,,
wpn_t6_executioner_pap_shot_plr,,,skye_ports\t6_executioner\fire\wpn_t6_executioner_pap_shot.wav,,,UIN_MOD,,,,,BUS_FX,,,,,,80,80,,,,,,,,,,,,,,,,,,,2d,,,NONLOOPING,,,,,,,,,,,,,,,,,,,,,,,,,,,,,,,,,,,,,,,,,,,,,,,,,,,,,,,,,,,,,
wpn_t6_executioner_pap_shot_npc,,,skye_ports\t6_executioner\fire\wpn_t6_executioner_pap_shot.wav,,,UIN_MOD,,,,,BUS_FX,,,,,,80,80,0,1000,1000,,,,,,,,,,,,,,,,3d,,,NONLOOPING,,,,,,,,,,,,,,,,,,,,,,,,,,,,,,,,,,,,,,,,,,,,,,,,,,,,,,,,,,,,,
wpn_t6_executioner_close,,,skye_ports\t6_executioner\foley\wpn_t6_executioner_close.wav,,,UIN_MOD,,,,,BUS_FX,,,,,,,,,,,,,,,,,,,,,,,,,,2d,,,NONLOOPING,,,,,,,,,,,,,,,,,,,,,,,,,,,,,,,,,,,,,,,,,,,,,,,,,,,,,,,,,,,,,
wpn_t6_executioner_open,,,skye_ports\t6_executioner\foley\wpn_t6_executioner_open.wav,,,UIN_MOD,,,,,BUS_FX,,,,,,,,,,,,,,,,,,,,,,,,,,2d,,,NONLOOPING,,,,,,,,,,,,,,,,,,,,,,,,,,,,,,,,,,,,,,,,,,,,,,,,,,,,,,,,,,,,,
wpn_t6_executioner_shells_in1,,,skye_ports\t6_executioner\foley\wpn_t6_executioner_shells_in1.wav,,,UIN_MOD,,,,,BUS_FX,,,,,,,,,,,,,,,,,,,,,,,,,,2d,,,NONLOOPING,,,,,,,,,,,,,,,,,,,,,,,,,,,,,,,,,,,,,,,,,,,,,,,,,,,,,,,,,,,,,
wpn_t6_executioner_shells_in2,,,skye_ports\t6_executioner\foley\wpn_t6_executioner_shells_in2.wav,,,UIN_MOD,,,,,BUS_FX,,,,,,,,,,,,,,,,,,,,,,,,,,2d,,,NONLOOPING,,,,,,,,,,,,,,,,,,,,,,,,,,,,,,,,,,,,,,,,,,,,,,,,,,,,,,,,,,,,,
wpn_t6_executioner_shells_out,,,skye_ports\t6_executioner\foley\wpn_t6_executioner_shells_out.wav,,,UIN_MOD,,,,,BUS_FX,,,,,,,,,,,,,,,,,,,,,,,,,,2d,,,NONLOOPING,,,,,,,,,,,,,,,,,,,,,,,,,,,,,,,,,,,,,,,,,,,,,,,,,,,,,,,,,,,,,
wpn_t6_executioner_shells_in,,,skye_ports\t6_executioner\foley\wpn_t6_executioner_shells_in1.wav,,,UIN_MOD,,,,,BUS_FX,,,,,,,,,,,,,,,,,,,,,,,,,,2d,,,NONLOOPING,,,,,,,,,,,,,,,,,,,,,,,,,,,,,,,,,,,,,,,,,,,,,,,,,,,,,,,,,,,,,
wpn_t6_executioner_shells_in,,,skye_ports\t6_executioner\foley\wpn_t6_executioner_shells_in2.wav,,,UIN_MOD,,,,,BUS_FX,,,,,,,,,,,,,,,,,,,,,,,,,,2d,,,NONLOOPING,,,,,,,,,,,,,,,,,,,,,,,,,,,,,,,,,,,,,,,,,,,,,,,,,,,,,,,,,,,,,
wpn_t6_executioner_first_raise,,,skye_ports\t6_remnewmodel\foley\wpn_t6_remnewmodel_first_raise.wav,,,UIN_MOD,,,,,BUS_FX,,,,,,,,,,,,,,,,,,,,,,,,,,2d,,,NONLOOPING,,,,,,,,,,,,,,,,,,,,,,,,,,,,,,,,,,,,,,,,,,,,,,,,,,,,,,,,,,,,,
wpn_t6_spas12_shot_plr,,,skye_ports\t6_spas12\fire\wpn_t6_spas12_shot.wav,,,UIN_MOD,,,,,BUS_FX,,,,,,80,80,,,,,,,,,,,,,,,,,,,2d,,,NONLOOPING,,,,,,,,,,,,,,,,,,,,,,,,,,,,,,,,,,,,,,,,,,,,,,,,,,,,,,,,,,,,,
wpn_t6_spas12_shot_npc,,,skye_ports\t6_spas12\fire\wpn_t6_spas12_shot.wav,,,UIN_MOD,,,,,BUS_FX,,,,,,80,80,0,1000,1000,,,,,,,,,,,,,,,,3d,,,NONLOOPING,,,,,,,,,,,,,,,,,,,,,,,,,,,,,,,,,,,,,,,,,,,,,,,,,,,,,,,,,,,,,
wpn_t6_spas12_pap_shot_plr,,,skye_ports\t6_spas12\fire\wpn_t6_spas12_pap_shot.wav,,,UIN_MOD,,,,,BUS_FX,,,,,,80,80,,,,,,,,,,,,,,,,,,,2d,,,NONLOOPING,,,,,,,,,,,,,,,,,,,,,,,,,,,,,,,,,,,,,,,,,,,,,,,,,,,,,,,,,,,,,
wpn_t6_spas12_pap_shot_npc,,,skye_ports\t6_spas12\fire\wpn_t6_spas12_pap_shot.wav,,,UIN_MOD,,,,,BUS_FX,,,,,,80,80,0,1000,1000,,,,,,,,,,,,,,,,3d,,,NONLOOPING,,,,,,,,,,,,,,,,,,,,,,,,,,,,,,,,,,,,,,,,,,,,,,,,,,,,,,,,,,,,,
wpn_t6_spas12_pump_back,,,skye_ports\t6_spas12\foley\wpn_t6_spas12_pump_back.wav,,,UIN_MOD,,,,,BUS_FX,,,,,,,,,,,,,,,,,,,,,,,,,,2d,,,NONLOOPING,,,,,,,,,,,,,,,,,,,,,,,,,,,,,,,,,,,,,,,,,,,,,,,,,,,,,,,,,,,,,
wpn_t6_spas12_pump_forward,,,skye_ports\t6_spas12\foley\wpn_t6_spas12_pump_forward.wav,,,UIN_MOD,,,,,BUS_FX,,,,,,,,,,,,,,,,,,,,,,,,,,2d,,,NONLOOPING,,,,,,,,,,,,,,,,,,,,,,,,,,,,,,,,,,,,,,,,,,,,,,,,,,,,,,,,,,,,,
wpn_t6_spas12_shell_in1,,,skye_ports\t6_spas12\foley\wpn_t6_spas12_shell_in1.wav,,,UIN_MOD,,,,,BUS_FX,,,,,,,,,,,,,,,,,,,,,,,,,,2d,,,NONLOOPING,,,,,,,,,,,,,,,,,,,,,,,,,,,,,,,,,,,,,,,,,,,,,,,,,,,,,,,,,,,,,
wpn_t6_spas12_shell_in2,,,skye_ports\t6_spas12\foley\wpn_t6_spas12_shell_in2.wav,,,UIN_MOD,,,,,BUS_FX,,,,,,,,,,,,,,,,,,,,,,,,,,2d,,,NONLOOPING,,,,,,,,,,,,,,,,,,,,,,,,,,,,,,,,,,,,,,,,,,,,,,,,,,,,,,,,,,,,,
wpn_t6_spas12_shell_in3,,,skye_ports\t6_spas12\foley\wpn_t6_spas12_shell_in3.wav,,,UIN_MOD,,,,,BUS_FX,,,,,,,,,,,,,,,,,,,,,,,,,,2d,,,NONLOOPING,,,,,,,,,,,,,,,,,,,,,,,,,,,,,,,,,,,,,,,,,,,,,,,,,,,,,,,,,,,,,
wpn_t6_spas12_shell_in4,,,skye_ports\t6_spas12\foley\wpn_t6_spas12_shell_in4.wav,,,UIN_MOD,,,,,BUS_FX,,,,,,,,,,,,,,,,,,,,,,,,,,2d,,,NONLOOPING,,,,,,,,,,,,,,,,,,,,,,,,,,,,,,,,,,,,,,,,,,,,,,,,,,,,,,,,,,,,,
wpn_t6_spas12_shell_in5,,,skye_ports\t6_spas12\foley\wpn_t6_spas12_shell_in5.wav,,,UIN_MOD,,,,,BUS_FX,,,,,,,,,,,,,,,,,,,,,,,,,,2d,,,NONLOOPING,,,,,,,,,,,,,,,,,,,,,,,,,,,,,,,,,,,,,,,,,,,,,,,,,,,,,,,,,,,,,
wpn_t6_spas12_shell_in6,,,skye_ports\t6_spas12\foley\wpn_t6_spas12_shell_in6.wav,,,UIN_MOD,,,,,BUS_FX,,,,,,,,,,,,,,,,,,,,,,,,,,2d,,,NONLOOPING,,,,,,,,,,,,,,,,,,,,,,,,,,,,,,,,,,,,,,,,,,,,,,,,,,,,,,,,,,,,,
wpn_t6_spas12_shell_in,,,skye_ports\t6_spas12\foley\wpn_t6_spas12_shell_in1.wav,,,UIN_MOD,,,,,BUS_FX,,,,,,,,,,,,,,,,,,,,,,,,,,2d,,,NONLOOPING,,,,,,,,,,,,,,,,,,,,,,,,,,,,,,,,,,,,,,,,,,,,,,,,,,,,,,,,,,,,,
wpn_t6_spas12_shell_in,,,skye_ports\t6_spas12\foley\wpn_t6_spas12_shell_in2.wav,,,UIN_MOD,,,,,BUS_FX,,,,,,,,,,,,,,,,,,,,,,,,,,2d,,,NONLOOPING,,,,,,,,,,,,,,,,,,,,,,,,,,,,,,,,,,,,,,,,,,,,,,,,,,,,,,,,,,,,,
wpn_t6_spas12_shell_in,,,skye_ports\t6_spas12\foley\wpn_t6_spas12_shell_in3.wav,,,UIN_MOD,,,,,BUS_FX,,,,,,,,,,,,,,,,,,,,,,,,,,2d,,,NONLOOPING,,,,,,,,,,,,,,,,,,,,,,,,,,,,,,,,,,,,,,,,,,,,,,,,,,,,,,,,,,,,,
wpn_t6_spas12_shell_in,,,skye_ports\t6_spas12\foley\wpn_t6_spas12_shell_in4.wav,,,UIN_MOD,,,,,BUS_FX,,,,,,,,,,,,,,,,,,,,,,,,,,2d,,,NONLOOPING,,,,,,,,,,,,,,,,,,,,,,,,,,,,,,,,,,,,,,,,,,,,,,,,,,,,,,,,,,,,,
wpn_t6_spas12_shell_in,,,skye_ports\t6_spas12\foley\wpn_t6_spas12_shell_in5.wav,,,UIN_MOD,,,,,BUS_FX,,,,,,,,,,,,,,,,,,,,,,,,,,2d,,,NONLOOPING,,,,,,,,,,,,,,,,,,,,,,,,,,,,,,,,,,,,,,,,,,,,,,,,,,,,,,,,,,,,,
wpn_t6_spas12_shell_in,,,skye_ports\t6_spas12\foley\wpn_t6_spas12_shell_in6.wav,,,UIN_MOD,,,,,BUS_FX,,,,,,,,,,,,,,,,,,,,,,,,,,2d,,,NONLOOPING,,,,,,,,,,,,,,,,,,,,,,,,,,,,,,,,,,,,,,,,,,,,,,,,,,,,,,,,,,,,,
wpn_t6_spas12_first_raise,,,skye_ports\t6_blundergat\foley\wpn_t6_blundergat_first_raise.wav,,,UIN_MOD,,,,,BUS_FX,,,,,,,,,,,,,,,,,,,,,,,,,,2d,,,NONLOOPING,,,,,,,,,,,,,,,,,,,,,,,,,,,,,,,,,,,,,,,,,,,,,,,,,,,,,,,,,,,,,
wpn_t6_rpg_shot_plr,,,skye_ports\t6_rpg\fire\wpn_t6_rpg_shot.wav,,,UIN_MOD,,,,,BUS_FX,,,,,,80,80,,,,,,,,,,,,,,,,,,,2d,,,NONLOOPING,,,,,,,,,,,,,,,,,,,,,,,,,,,,,,,,,,,,,,,,,,,,,,,,,,,,,,,,,,,,,
wpn_t6_rpg_shot_npc,,,skye_ports\t6_rpg\fire\wpn_t6_rpg_shot.wav,,,UIN_MOD,,,,,BUS_FX,,,,,,80,80,0,1000,1000,,,,,,,,,,,,,,,,3d,,,NONLOOPING,,,,,,,,,,,,,,,,,,,,,,,,,,,,,,,,,,,,,,,,,,,,,,,,,,,,,,,,,,,,,
wpn_t6_rpg_pap_shot_plr,,,skye_ports\t6_rpg\fire\wpn_t6_rpg_pap_shot.wav,,,UIN_MOD,,,,,BUS_FX,,,,,,80,80,,,,,,,,,,,,,,,,,,,2d,,,NONLOOPING,,,,,,,,,,,,,,,,,,,,,,,,,,,,,,,,,,,,,,,,,,,,,,,,,,,,,,,,,,,,,
wpn_t6_rpg_pap_shot_npc,,,skye_ports\t6_rpg\fire\wpn_t6_rpg_pap_shot.wav,,,UIN_MOD,,,,,BUS_FX,,,,,,80,80,0,1000,1000,,,,,,,,,,,,,,,,3d,,,NONLOOPING,,,,,,,,,,,,,,,,,,,,,,,,,,,,,,,,,,,,,,,,,,,,,,,,,,,,,,,,,,,,,
wpn_t6_rpg_futz,,,skye_ports\t6_rpg\foley\wpn_t6_rpg_futz.wav,,,UIN_MOD,,,,,BUS_FX,,,,,,,,,,,,,,,,,,,,,,,,,,2d,,,NONLOOPING,,,,,,,,,,,,,,,,,,,,,,,,,,,,,,,,,,,,,,,,,,,,,,,,,,,,,,,,,,,,,
wpn_t6_rpg_insert,,,skye_ports\t6_rpg\foley\wpn_t6_rpg_insert.wav,,,UIN_MOD,,,,,BUS_FX,,,,,,,,,,,,,,,,,,,,,,,,,,2d,,,NONLOOPING,,,,,,,,,,,,,,,,,,,,,,,,,,,,,,,,,,,,,,,,,,,,,,,,,,,,,,,,,,,,,
wpn_t6_rpg_twist,,,skye_ports\t6_rpg\foley\wpn_t6_rpg_twist.wav,,,UIN_MOD,,,,,BUS_FX,,,,,,,,,,,,,,,,,,,,,,,,,,2d,,,NONLOOPING,,,,,,,,,,,,,,,,,,,,,,,,,,,,,,,,,,,,,,,,,,,,,,,,,,,,,,,,,,,,,
wpn_t6_rpg_first_raise,,,skye_ports\t6_m82a1\foley\wpn_t6_m82a1_first_raise.wav,,,UIN_MOD,,,,,BUS_FX,,,,,,,,,,,,,,,,,,,,,,,,,,2d,,,NONLOOPING,,,,,,,,,,,,,,,,,,,,,,,,,,,,,,,,,,,,,,,,,,,,,,,,,,,,,,,,,,,,,
wpn_t9_nailgun_shot_plr,,,skye_ports\t9_nailgun\fire\wpn_t9_nailgun_shot1.wav,,,UIN_MOD,,,,,BUS_FX,,,,,,80,80,,,,,,,,,,,,,,,,,,,2d,,,NONLOOPING,,,,,,,,,,,,,,,,,,,,,,,,,,,,,,,,,,,,,,,,,,,,,,,,,,,,,,,,,,,,,
wpn_t9_nailgun_shot_npc,,,skye_ports\t9_nailgun\fire\wpn_t9_nailgun_shot1.wav,,,UIN_MOD,,,,,BUS_FX,,,,,,80,80,0,1000,1000,,,,,,,,,,,,,,,,3d,,,NONLOOPING,,,,,,,,,,,,,,,,,,,,,,,,,,,,,,,,,,,,,,,,,,,,,,,,,,,,,,,,,,,,,
wpn_t9_nailgun_shot_plr,,,skye_ports\t9_nailgun\fire\wpn_t9_nailgun_shot2.wav,,,UIN_MOD,,,,,BUS_FX,,,,,,80,80,,,,,,,,,,,,,,,,,,,2d,,,NONLOOPING,,,,,,,,,,,,,,,,,,,,,,,,,,,,,,,,,,,,,,,,,,,,,,,,,,,,,,,,,,,,,
wpn_t9_nailgun_shot_npc,,,skye_ports\t9_nailgun\fire\wpn_t9_nailgun_shot2.wav,,,UIN_MOD,,,,,BUS_FX,,,,,,80,80,0,1000,1000,,,,,,,,,,,,,,,,3d,,,NONLOOPING,,,,,,,,,,,,,,,,,,,,,,,,,,,,,,,,,,,,,,,,,,,,,,,,,,,,,,,,,,,,,
wpn_t9_nailgun_shot_plr,,,skye_ports\t9_nailgun\fire\wpn_t9_nailgun_shot3.wav,,,UIN_MOD,,,,,BUS_FX,,,,,,80,80,,,,,,,,,,,,,,,,,,,2d,,,NONLOOPING,,,,,,,,,,,,,,,,,,,,,,,,,,,,,,,,,,,,,,,,,,,,,,,,,,,,,,,,,,,,,
wpn_t9_nailgun_shot_npc,,,skye_ports\t9_nailgun\fire\wpn_t9_nailgun_shot3.wav,,,UIN_MOD,,,,,BUS_FX,,,,,,80,80,0,1000,1000,,,,,,,,,,,,,,,,3d,,,NONLOOPING,,,,,,,,,,,,,,,,,,,,,,,,,,,,,,,,,,,,,,,,,,,,,,,,,,,,,,,,,,,,,
wpn_t9_nailgun_shot_plr,,,skye_ports\t9_nailgun\fire\wpn_t9_nailgun_shot4.wav,,,UIN_MOD,,,,,BUS_FX,,,,,,80,80,,,,,,,,,,,,,,,,,,,2d,,,NONLOOPING,,,,,,,,,,,,,,,,,,,,,,,,,,,,,,,,,,,,,,,,,,,,,,,,,,,,,,,,,,,,,
wpn_t9_nailgun_shot_npc,,,skye_ports\t9_nailgun\fire\wpn_t9_nailgun_shot4.wav,,,UIN_MOD,,,,,BUS_FX,,,,,,80,80,0,1000,1000,,,,,,,,,,,,,,,,3d,,,NONLOOPING,,,,,,,,,,,,,,,,,,,,,,,,,,,,,,,,,,,,,,,,,,,,,,,,,,,,,,,,,,,,,
wpn_t9_nailgun_shot_plr,,,skye_ports\t9_nailgun\fire\wpn_t9_nailgun_shot5.wav,,,UIN_MOD,,,,,BUS_FX,,,,,,80,80,,,,,,,,,,,,,,,,,,,2d,,,NONLOOPING,,,,,,,,,,,,,,,,,,,,,,,,,,,,,,,,,,,,,,,,,,,,,,,,,,,,,,,,,,,,,
wpn_t9_nailgun_shot_npc,,,skye_ports\t9_nailgun\fire\wpn_t9_nailgun_shot5.wav,,,UIN_MOD,,,,,BUS_FX,,,,,,80,80,0,1000,1000,,,,,,,,,,,,,,,,3d,,,NONLOOPING,,,,,,,,,,,,,,,,,,,,,,,,,,,,,,,,,,,,,,,,,,,,,,,,,,,,,,,,,,,,,
wpn_t9_nailgun_shot_plr,,,skye_ports\t9_nailgun\fire\wpn_t9_nailgun_shot6.wav,,,UIN_MOD,,,,,BUS_FX,,,,,,80,80,,,,,,,,,,,,,,,,,,,2d,,,NONLOOPING,,,,,,,,,,,,,,,,,,,,,,,,,,,,,,,,,,,,,,,,,,,,,,,,,,,,,,,,,,,,,
wpn_t9_nailgun_shot_npc,,,skye_ports\t9_nailgun\fire\wpn_t9_nailgun_shot6.wav,,,UIN_MOD,,,,,BUS_FX,,,,,,80,80,0,1000,1000,,,,,,,,,,,,,,,,3d,,,NONLOOPING,,,,,,,,,,,,,,,,,,,,,,,,,,,,,,,,,,,,,,,,,,,,,,,,,,,,,,,,,,,,,
wpn_t9_nailgun_pap_shot_plr,,,skye_ports\t9_nailgun\fire\wpn_t9_nailgun_shot1.wav,,,UIN_MOD,,,,,BUS_FX,,,,,,80,80,,,,,,,,,,,,,,,,,,,2d,,,NONLOOPING,,,,,,,,,,,,,,,,,,,,,,,,,,,,,,,,,,,,,,,,,,,,,,,,,,,,,,,,,,,,,
wpn_t9_nailgun_pap_shot_npc,,,skye_ports\t9_nailgun\fire\wpn_t9_nailgun_shot1.wav,,,UIN_MOD,,,,,BUS_FX,,,,,,80,80,0,1000,1000,,,,,,,,,,,,,,,,3d,,,NONLOOPING,,,,,,,,,,,,,,,,,,,,,,,,,,,,,,,,,,,,,,,,,,,,,,,,,,,,,,,,,,,,,
wpn_t9_nailgun_pap_shot_plr,,,skye_ports\t9_nailgun\fire\wpn_t9_nailgun_shot2.wav,,,UIN_MOD,,,,,BUS_FX,,,,,,80,80,,,,,,,,,,,,,,,,,,,2d,,,NONLOOPING,,,,,,,,,,,,,,,,,,,,,,,,,,,,,,,,,,,,,,,,,,,,,,,,,,,,,,,,,,,,,
wpn_t9_nailgun_pap_shot_npc,,,skye_ports\t9_nailgun\fire\wpn_t9_nailgun_shot2.wav,,,UIN_MOD,,,,,BUS_FX,,,,,,80,80,0,1000,1000,,,,,,,,,,,,,,,,3d,,,NONLOOPING,,,,,,,,,,,,,,,,,,,,,,,,,,,,,,,,,,,,,,,,,,,,,,,,,,,,,,,,,,,,,
wpn_t9_nailgun_pap_shot_plr,,,skye_ports\t9_nailgun\fire\wpn_t9_nailgun_shot3.wav,,,UIN_MOD,,,,,BUS_FX,,,,,,80,80,,,,,,,,,,,,,,,,,,,2d,,,NONLOOPING,,,,,,,,,,,,,,,,,,,,,,,,,,,,,,,,,,,,,,,,,,,,,,,,,,,,,,,,,,,,,
wpn_t9_nailgun_pap_shot_npc,,,skye_ports\t9_nailgun\fire\wpn_t9_nailgun_shot3.wav,,,UIN_MOD,,,,,BUS_FX,,,,,,80,80,0,1000,1000,,,,,,,,,,,,,,,,3d,,,NONLOOPING,,,,,,,,,,,,,,,,,,,,,,,,,,,,,,,,,,,,,,,,,,,,,,,,,,,,,,,,,,,,,
wpn_t9_nailgun_pap_shot_plr,,,skye_ports\t9_nailgun\fire\wpn_t9_nailgun_shot4.wav,,,UIN_MOD,,,,,BUS_FX,,,,,,80,80,,,,,,,,,,,,,,,,,,,2d,,,NONLOOPING,,,,,,,,,,,,,,,,,,,,,,,,,,,,,,,,,,,,,,,,,,,,,,,,,,,,,,,,,,,,,
wpn_t9_nailgun_pap_shot_npc,,,skye_ports\t9_nailgun\fire\wpn_t9_nailgun_shot4.wav,,,UIN_MOD,,,,,BUS_FX,,,,,,80,80,0,1000,1000,,,,,,,,,,,,,,,,3d,,,NONLOOPING,,,,,,,,,,,,,,,,,,,,,,,,,,,,,,,,,,,,,,,,,,,,,,,,,,,,,,,,,,,,,
wpn_t9_nailgun_pap_shot_plr,,,skye_ports\t9_nailgun\fire\wpn_t9_nailgun_shot5.wav,,,UIN_MOD,,,,,BUS_FX,,,,,,80,80,,,,,,,,,,,,,,,,,,,2d,,,NONLOOPING,,,,,,,,,,,,,,,,,,,,,,,,,,,,,,,,,,,,,,,,,,,,,,,,,,,,,,,,,,,,,
wpn_t9_nailgun_pap_shot_npc,,,skye_ports\t9_nailgun\fire\wpn_t9_nailgun_shot5.wav,,,UIN_MOD,,,,,BUS_FX,,,,,,80,80,0,1000,1000,,,,,,,,,,,,,,,,3d,,,NONLOOPING,,,,,,,,,,,,,,,,,,,,,,,,,,,,,,,,,,,,,,,,,,,,,,,,,,,,,,,,,,,,,
wpn_t9_nailgun_pap_shot_plr,,,skye_ports\t9_nailgun\fire\wpn_t9_nailgun_shot6.wav,,,UIN_MOD,,,,,BUS_FX,,,,,,80,80,,,,,,,,,,,,,,,,,,,2d,,,NONLOOPING,,,,,,,,,,,,,,,,,,,,,,,,,,,,,,,,,,,,,,,,,,,,,,,,,,,,,,,,,,,,,
wpn_t9_nailgun_pap_shot_npc,,,skye_ports\t9_nailgun\fire\wpn_t9_nailgun_shot6.wav,,,UIN_MOD,,,,,BUS_FX,,,,,,80,80,0,1000,1000,,,,,,,,,,,,,,,,3d,,,NONLOOPING,,,,,,,,,,,,,,,,,,,,,,,,,,,,,,,,,,,,,,,,,,,,,,,,,,,,,,,,,,,,,
wpn_t9_nailgun_end,,,skye_ports\t9_nailgun\foley\wpn_t9_nailgun_end.wav,,,UIN_MOD,,,,,BUS_FX,,,,,,,,,,,,,,,,,,,,,,,,,,2d,,,NONLOOPING,,,,,,,,,,,,,,,,,,,,,,,,,,,,,,,,,,,,,,,,,,,,,,,,,,,,,,,,,,,,,
wpn_t9_nailgun_first_raise,,,skye_ports\t9_nailgun\foley\wpn_t9_nailgun_first_raise.wav,,,UIN_MOD,,,,,BUS_FX,,,,,,,,,,,,,,,,,,,,,,,,,,2d,,,NONLOOPING,,,,,,,,,,,,,,,,,,,,,,,,,,,,,,,,,,,,,,,,,,,,,,,,,,,,,,,,,,,,,
wpn_t9_nailgun_inspect_part1,,,skye_ports\t9_nailgun\foley\wpn_t9_nailgun_inspect_part1.wav,,,UIN_MOD,,,,,BUS_FX,,,,,,,,,,,,,,,,,,,,,,,,,,2d,,,NONLOOPING,,,,,,,,,,,,,,,,,,,,,,,,,,,,,,,,,,,,,,,,,,,,,,,,,,,,,,,,,,,,,
wpn_t9_nailgun_inspect_part2,,,skye_ports\t9_nailgun\foley\wpn_t9_nailgun_inspect_part2.wav,,,UIN_MOD,,,,,BUS_FX,,,,,,,,,,,,,,,,,,,,,,,,,,2d,,,NONLOOPING,,,,,,,,,,,,,,,,,,,,,,,,,,,,,,,,,,,,,,,,,,,,,,,,,,,,,,,,,,,,,
wpn_t9_nailgun_inspect_part3,,,skye_ports\t9_nailgun\foley\wpn_t9_nailgun_inspect_part3.wav,,,UIN_MOD,,,,,BUS_FX,,,,,,,,,,,,,,,,,,,,,,,,,,2d,,,NONLOOPING,,,,,,,,,,,,,,,,,,,,,,,,,,,,,,,,,,,,,,,,,,,,,,,,,,,,,,,,,,,,,
wpn_t9_nailgun_mag_in1,,,skye_ports\t9_nailgun\foley\wpn_t9_nailgun_mag_in1.wav,,,UIN_MOD,,,,,BUS_FX,,,,,,,,,,,,,,,,,,,,,,,,,,2d,,,NONLOOPING,,,,,,,,,,,,,,,,,,,,,,,,,,,,,,,,,,,,,,,,,,,,,,,,,,,,,,,,,,,,,
wpn_t9_nailgun_mag_in2,,,skye_ports\t9_nailgun\foley\wpn_t9_nailgun_mag_in2.wav,,,UIN_MOD,,,,,BUS_FX,,,,,,,,,,,,,,,,,,,,,,,,,,2d,,,NONLOOPING,,,,,,,,,,,,,,,,,,,,,,,,,,,,,,,,,,,,,,,,,,,,,,,,,,,,,,,,,,,,,
wpn_t9_nailgun_mag_out,,,skye_ports\t9_nailgun\foley\wpn_t9_nailgun_mag_out.wav,,,UIN_MOD,,,,,BUS_FX,,,,,,,,,,,,,,,,,,,,,,,,,,2d,,,NONLOOPING,,,,,,,,,,,,,,,,,,,,,,,,,,,,,,,,,,,,,,,,,,,,,,,,,,,,,,,,,,,,,
wpn_t9_nailgun_start,,,skye_ports\t9_nailgun\foley\wpn_t9_nailgun_start.wav,,,UIN_MOD,,,,,BUS_FX,,,,,,,,,,,,,,,,,,,,,,,,,,2d,,,NONLOOPING,,,,,,,,,,,,,,,,,,,,,,,,,,,,,,,,,,,,,,,,,,,,,,,,,,,,,,,,,,,,,
wpn_t9_nailgun_mag_in,,,skye_ports\t9_nailgun\foley\wpn_t9_nailgun_mag_in1.wav,,,UIN_MOD,,,,,BUS_FX,,,,,,,,,,,,,,,,,,,,,,,,,,2d,,,NONLOOPING,,,,,,,,,,,,,,,,,,,,,,,,,,,,,,,,,,,,,,,,,,,,,,,,,,,,,,,,,,,,,
wpn_t9_nailgun_mag_in,,,skye_ports\t9_nailgun\foley\wpn_t9_nailgun_mag_in2.wav,,,UIN_MOD,,,,,BUS_FX,,,,,,,,,,,,,,,,,,,,,,,,,,2d,,,NONLOOPING,,,,,,,,,,,,,,,,,,,,,,,,,,,,,,,,,,,,,,,,,,,,,,,,,,,,,,,,,,,,,
wpn_iw7_udm_shot_plr,,,skye_ports\iw7_udm\fire\wpn_iw7_udm_shot.wav,,,UIN_MOD,,,,,BUS_FX,,,,,,80,80,,,,,,,,,,,,,,,,,,,2d,,,NONLOOPING,,,,,,,,,,,,,,,,,,,,,,,,,,,,,,,,,,,,,,,,,,,,,,,,,,,,,,,,,,,,,
wpn_iw7_udm_shot_npc,,,skye_ports\iw7_udm\fire\wpn_iw7_udm_shot.wav,,,UIN_MOD,,,,,BUS_FX,,,,,,80,80,0,1000,1000,,,,,,,,,,,,,,,,3d,,,NONLOOPING,,,,,,,,,,,,,,,,,,,,,,,,,,,,,,,,,,,,,,,,,,,,,,,,,,,,,,,,,,,,,
wpn_iw7_udm_pap_shot_plr,,,skye_ports\iw7_udm\fire\wpn_iw7_udm_pap_shot.wav,,,UIN_MOD,,,,,BUS_FX,,,,,,80,80,,,,,,,,,,,,,,,,,,,2d,,,NONLOOPING,,,,,,,,,,,,,,,,,,,,,,,,,,,,,,,,,,,,,,,,,,,,,,,,,,,,,,,,,,,,,
wpn_iw7_udm_pap_shot_npc,,,skye_ports\iw7_udm\fire\wpn_iw7_udm_pap_shot.wav,,,UIN_MOD,,,,,BUS_FX,,,,,,80,80,0,1000,1000,,,,,,,,,,,,,,,,3d,,,NONLOOPING,,,,,,,,,,,,,,,,,,,,,,,,,,,,,,,,,,,,,,,,,,,,,,,,,,,,,,,,,,,,,
wpn_iw7_udm_charge,,,skye_ports\iw7_udm\foley\wpn_iw7_udm_charge.wav,,,UIN_MOD,,,,,BUS_FX,,,,,,,,,,,,,,,,,,,,,,,,,,2d,,,NONLOOPING,,,,,,,,,,,,,,,,,,,,,,,,,,,,,,,,,,,,,,,,,,,,,,,,,,,,,,,,,,,,,
wpn_iw7_udm_empty_end,,,skye_ports\iw7_udm\foley\wpn_iw7_udm_empty_end.wav,,,UIN_MOD,,,,,BUS_FX,,,,,,,,,,,,,,,,,,,,,,,,,,2d,,,NONLOOPING,,,,,,,,,,,,,,,,,,,,,,,,,,,,,,,,,,,,,,,,,,,,,,,,,,,,,,,,,,,,,
wpn_iw7_udm_empty_mag_in,,,skye_ports\iw7_udm\foley\wpn_iw7_udm_empty_mag_in.wav,,,UIN_MOD,,,,,BUS_FX,,,,,,,,,,,,,,,,,,,,,,,,,,2d,,,NONLOOPING,,,,,,,,,,,,,,,,,,,,,,,,,,,,,,,,,,,,,,,,,,,,,,,,,,,,,,,,,,,,,
wpn_iw7_udm_empty_mag_out,,,skye_ports\iw7_udm\foley\wpn_iw7_udm_empty_mag_out.wav,,,UIN_MOD,,,,,BUS_FX,,,,,,,,,,,,,,,,,,,,,,,,,,2d,,,NONLOOPING,,,,,,,,,,,,,,,,,,,,,,,,,,,,,,,,,,,,,,,,,,,,,,,,,,,,,,,,,,,,,
wpn_iw7_udm_first_raise,,,skye_ports\iw7_udm\foley\wpn_iw7_udm_first_raise.wav,,,UIN_MOD,,,,,BUS_FX,,,,,,,,,,,,,,,,,,,,,,,,,,2d,,,NONLOOPING,,,,,,,,,,,,,,,,,,,,,,,,,,,,,,,,,,,,,,,,,,,,,,,,,,,,,,,,,,,,,
wpn_iw7_udm_mag_in,,,skye_ports\iw7_udm\foley\wpn_iw7_udm_mag_in.wav,,,UIN_MOD,,,,,BUS_FX,,,,,,,,,,,,,,,,,,,,,,,,,,2d,,,NONLOOPING,,,,,,,,,,,,,,,,,,,,,,,,,,,,,,,,,,,,,,,,,,,,,,,,,,,,,,,,,,,,,
wpn_iw7_udm_mag_out,,,skye_ports\iw7_udm\foley\wpn_iw7_udm_mag_out.wav,,,UIN_MOD,,,,,BUS_FX,,,,,,,,,,,,,,,,,,,,,,,,,,2d,,,NONLOOPING,,,,,,,,,,,,,,,,,,,,,,,,,,,,,,,,,,,,,,,,,,,,,,,,,,,,,,,,,,,,,
wpn_t6_rocket_explosion_plr,,,skye_ports\t6_common\wpn_t6_rocket_explosion.wav,,,UIN_MOD,,,,,BUS_FX,,,,,,80,80,0,1000,1000,,,,,,,,,,,,,,,,3d,,,NONLOOPING,,,,,,,,,,,,,,,,,,,,,,,,,,,,,,,,,,,,,,,,,,,,,,,,,,,,,,,,,,,,,
wpn_t6_rocket_explosion_npc,,,skye_ports\t6_common\wpn_t6_rocket_explosion.wav,,,UIN_MOD,,,,,BUS_FX,,,,,,80,80,0,1000,1000,,,,,,,,,,,,,,,,3d,,,NONLOOPING,,,,,,,,,,,,,,,,,,,,,,,,,,,,,,,,,,,,,,,,,,,,,,,,,,,,,,,,,,,,,
